Workbook

Sheet Genes HOJA
E1: EF | G1: LOXD | Q1: EF | S1: OPR3 | AF1: EF | AG1: ICS | AR1: EF | AT1: MYC2
C2: Sample | D2: Housekeeping gene | E2: Housekeeping gene | F2: Gene of interest | G2: Gene of interest | H2: ΔCt(Ct gene interest - Ct housekeeping gene) | I2: ΔΔCt(ΔCt muestra - ΔCt control average) | J2: 2^-(ΔΔCt) | K2: log | O2: Sample | Q2: Housekeeping gene | S2: Gene of interest | T2: ΔCt(Ct gene interest - Ct housekeeping gene) | U2: ΔΔCt(ΔCt muestra - ΔCt control average) | V2: 2^-(ΔΔCt) | W2: log | AD2: Sample | AE2: Housekeeping gene | AF2: Housekeeping gene | AG2: Gene of interest | AH2: Gene of interest | AI2: ΔCt(Ct gene interest - Ct housekeeping gene) | AJ2: ΔΔCt(ΔCt muestra - ΔCt control average) | AK2: 2^-(ΔΔCt) | AL2: log | AP2: Sample | AQ2: Housekeeping gene | AR2: Housekeeping gene | AS2: Gene of interest | AT2: Gene of interest | AU2: ΔCt(Ct gene interest - Ct housekeeping gene) | AV2: ΔΔCt(ΔCt muestra - ΔCt control average) | AW2: 2^-(ΔΔCt) | AX2: log
B3: C1 2d | C3: 7 | D3: 18.562855 | E3: 17.553822 | F3: 28.257273 | G3: 28.309553 | H3: =(AVERAGE(F3:G3)-AVERAGE(D3:E3)) -> 10.225075 | I3: =H3-$H$52 -> 0.25481606 | J3: =2^-I3 -> 0.83809399 | N3: C1 2d | O3: 7 | P3: 18.562855 | Q3: 17.553822 | R3: 19.769684 | S3: 21.700659 | T3: =(AVERAGE(R3:S3)-AVERAGE(P3:Q3)) -> 2.6768332 | U3: =T3-$T$52 -> -0.75192483 | V3: =2^-U3 -> 1.6840382 | AC3: C1 1d | AD3: 1 | AE3: 21.186722 | AF3: 20.250463 | AG3: 27.545727 | AH3: 28.015465 | AI3: =(AVERAGE(AG3:AH3)-AVERAGE(AE3:AF3)) -> 7.0620031 | AJ3: =AI3-$AG$35 -> 0.32901065 | AK3: =2^-AJ3 -> 0.79608222 | AL3: =LOG(AK3,2) -> -0.32901065 | AO3: C1 7d | AP3: 37 | AQ3: 20.929424 | AR3: 22.087042 | AS3: 27.063175 | AT3: 25.749964 | AU3: =(AVERAGE(AS3:AT3)-AVERAGE(AQ3:AR3)) -> 4.8983364 | AV3: =AU3-$H$55 -> -2.6981684 | AW3: =2^-AV3 -> 6.4897749 | AX3: =LOG(AW3,2) -> 2.6981684
B4: C2 2d | C4: 8 | D4: 17.049051 | E4: 17.679024 | F4: 27.076267 | G4: 26.972845 | H4: =(AVERAGE(F4:G4)-AVERAGE(D4:E4)) -> 9.6605186 | I4: =H4-$H$52 -> -0.30974007 | J4: =2^-I4 -> 1.2394844 | N4: C2 2d | O4: 8 | P4: 17.049051 | Q4: 17.679024 | R4: 21.201502 | S4: 20.481644 | T4: =(AVERAGE(R4:S4)-AVERAGE(P4:Q4)) -> 3.4775352 | U4: =T4-$T$52 -> 0.048777262 | V4: =2^-U4 -> 0.96675534 | AC4: C2 1d | AD4: 2 | AE4: 22.72283 | AF4: 22.412008 | AG4: 29.003445 | AH4: 27.833126 | AI4: =(AVERAGE(AG4:AH4)-AVERAGE(AE4:AF4)) -> 5.8508663 | AJ4: =AI4-$AG$35 -> -0.88212617 | AK4: =2^-AJ4 -> 1.8430896 | AL4: =LOG(AK4,2) -> 0.88212617 | AO4: C2 7d | AP4: 38 | AQ4: 21.836922 | AS4: 25.081184 | AT4: 24.235033 | AU4: =(AVERAGE(AS4:AT4)-AVERAGE(AQ4:AR4)) -> 2.821187 | AV4: =AU4-$H$55 -> -4.7753178 | AW4: =2^-AV4 -> 27.385073 | AX4: =LOG(AW4,2) -> 4.7753178
B5: C3 2d | C5: 9 | E5: 18.180506 | G5: 28.205688 | H5: =(AVERAGE(F5:G5)-AVERAGE(D5:E5)) -> 10.025183 | I5: =H5-$H$52 -> 0.054924011 | J5: =2^-I5 -> 0.96264515 | N5: C3 2d | O5: 9 | P5: 16.207497 | Q5: 18.180506 | R5: 21.847816 | S5: 20.803997 | T5: =(AVERAGE(R5:S5)-AVERAGE(P5:Q5)) -> 4.1319056 | U5: =T5-$T$52 -> 0.70314757 | V5: =2^-U5 -> 0.61423066 | AC5: C3 1d | AD5: 3 | AE5: 20.909298 | AF5: 21.094397 | AG5: 29.036283 | AH5: 27.539627 | AI5: =(AVERAGE(AG5:AH5)-AVERAGE(AE5:AF5)) -> 7.286108 | AJ5: =AI5-$AG$35 -> 0.55311553 | AK5: =2^-AJ5 -> 0.68154673 | AL5: =LOG(AK5,2) -> -0.55311553 | AO5: C3 7d | AP5: 39 | AQ5: 31.127039 | AR5: 30.850796 | AS5: Undetermined | AT5: 36.880978 | AU5: =(AVERAGE(AS5:AT5)-AVERAGE(AQ5:AR5)) -> 5.8920603 | AV5: =AU5-$H$55 -> -1.7044446 | AW5: =2^-AV5 -> 3.2590344 | AX5: =LOG(AW5,2) -> 1.7044446
B6: Bm 1 2d | C6: 10 | D6: 17.392563 | E6: 18.265812 | F6: 25.615421 | G6: 25.747679 | H6: =(AVERAGE(F6:G6)-AVERAGE(D6:E6)) -> 7.8523626 | I6: =H6-$H$52 -> -2.1178961 | J6: =2^-I6 -> 4.3406048 | N6: Bm 1 2d | O6: 10 | P6: 17.392563 | Q6: 18.265812 | R6: 19.664381 | S6: 19.619452 | T6: =(AVERAGE(R6:S6)-AVERAGE(P6:Q6)) -> 1.8127289 | U6: =T6-$T$52 -> -1.6160291 | V6: =2^-U6 -> 3.0653018 | AC6: Bm 1 1d | AD6: 4 | AE6: 21.390375 | AF6: 21.524549 | AG6: 27.416527 | AH6: 27.122839 | AI6: =(AVERAGE(AG6:AH6)-AVERAGE(AE6:AF6)) -> 5.8122206 | AJ6: =AI6-$AG$35 -> -0.92077192 | AK6: =2^-AJ6 -> 1.8931279 | AL6: =LOG(AK6,2) -> 0.92077192 | AO6: Bm 1 7d | AP6: 40 | AQ6: 22.484402 | AR6: 22.659548 | AS6: 27.326216 | AT6: 26.961588 | AU6: =(AVERAGE(AS6:AT6)-AVERAGE(AQ6:AR6)) -> 4.5719271 | AV6: =AU6-$H$55 -> -3.0245778 | AW6: =2^-AV6 -> 8.1374557 | AX6: =LOG(AW6,2) -> 3.0245778
B7: Bm2 2d | C7: 11 | D7: 18.300673 | F7: 28.114885 | G7: 27.348095 | H7: =(AVERAGE(F7:G7)-AVERAGE(D7:E7)) -> 9.4308176 | I7: =H7-$H$52 -> -0.53944111 | J7: =2^-I7 -> 1.4534094 | N7: Bm2 2d | O7: 11 | P7: 18.300673 | Q7: 15.549869 | R7: 20.584335 | S7: 20.793354 | T7: =(AVERAGE(R7:S7)-AVERAGE(P7:Q7)) -> 3.7635741 | U7: =T7-$T$52 -> 0.33481614 | V7: =2^-U7 -> 0.79288518 | AC7: Bm2 1d | AD7: 5 | AE7: 20.659857 | AF7: 20.828537 | AG7: 28.117567 | AH7: 27.720127 | AI7: =(AVERAGE(AG7:AH7)-AVERAGE(AE7:AF7)) -> 7.1746502 | AJ7: =AI7-$AG$35 -> 0.4416577 | AK7: =2^-AJ7 -> 0.7362881 | AL7: =LOG(AK7,2) -> -0.4416577 | AO7: Bm2 7d | AP7: 41 | AQ7: 22.053213 | AR7: 22.400589 | AS7: 25.647228 | AT7: 25.251757 | AU7: =(AVERAGE(AS7:AT7)-AVERAGE(AQ7:AR7)) -> 3.2225914 | AV7: =AU7-$H$55 -> -4.3739134 | AW7: =2^-AV7 -> 20.733812 | AX7: =LOG(AW7,2) -> 4.3739134
B8: Bm 3 2d | C8: 12 | E8: 18.04763 | F8: 29.92415 | G8: 29.333765 | H8: =(AVERAGE(F8:G8)-AVERAGE(D8:E8)) -> 11.581327 | I8: =H8-$H$52 -> 1.6110687 | J8: =2^-I8 -> 0.32735576 | N8: Bm 3 2d | O8: 12 | P8: 16.539883 | Q8: 18.04763 | R8: 19.513596 | S8: 19.164574 | T8: =(AVERAGE(R8:S8)-AVERAGE(P8:Q8)) -> 2.0453281 | U8: =T8-$T$52 -> -1.3834298 | V8: =2^-U8 -> 2.6088787 | AC8: Bm 3 1d | AD8: 6 | AE8: 20.913986 | AF8: 20.40196 | AG8: 27.685566 | AH8: 28.737001 | AI8: =(AVERAGE(AG8:AH8)-AVERAGE(AE8:AF8)) -> 7.5533104 | AJ8: =AI8-$AG$35 -> 0.8203179 | AK8: =2^-AJ8 -> 0.56631714 | AL8: =LOG(AK8,2) -> -0.8203179 | AO8: Bm 3 7d | AP8: 42 | AQ8: 22.666315 | AR8: 21.813253 | AS8: 25.663143 | AT8: 24.849615 | AU8: =(AVERAGE(AS8:AT8)-AVERAGE(AQ8:AR8)) -> 3.0165949 | AV8: =AU8-$H$55 -> -4.57991 | AW8: =2^-AV8 -> 23.916095 | AX8: =LOG(AW8,2) -> 4.57991
B9: C1 3d | C9: 13 | D9: 22.738323 | E9: 21.647028 | G9: 27.195425 | H9: =(AVERAGE(F9:G9)-AVERAGE(D9:E9)) -> 5.0027494 | I9: =H9-$H$53 -> -0.028846741 | J9: =2^-I9 -> 1.0201963 | N9: C1 3d | O9: 13 | P9: 22.738323 | Q9: 21.647028 | R9: 19.567888 | S9: 19.636452 | T9: =(AVERAGE(R9:S9)-AVERAGE(P9:Q9)) -> -2.5905056 | U9: =T9-$T$53 -> -1.2752746 | V9: =2^-U9 -> 2.4204488 | AC9: C1 3d | AD9: 13 | AE9: 22.738323 | AF9: 21.647028 | AG9: 29.119991 | AH9: 26.842112 | AI9: =(AVERAGE(AG9:AH9)-AVERAGE(AE9:AF9)) -> 5.7883759 | AJ9: =AI9-$AG$36 -> -0.31721687 | AK9: =2^-AJ9 -> 1.2459247 | AL9: =LOG(AK9,2) -> 0.31721687 | AO9: C1 8d | AP9: 43 | AQ9: 21.28845 | AR9: 21.822668 | AS9: 25.981977 | AT9: 24.964626 | AU9: =(AVERAGE(AS9:AT9)-AVERAGE(AQ9:AR9)) -> 3.9177427 | AV9: =AU9-$H$57 -> -4.1639102 | AW9: =2^-AV9 -> 17.925112 | AX9: =LOG(AW9,2) -> 4.1639102
B10: C2 3d | C10: 14 | D10: 21.063808 | E10: 19.416796 | F10: 25.147491 | G10: 26.293026 | H10: =(AVERAGE(F10:G10)-AVERAGE(D10:E10)) -> 5.4799566 | I10: =H10-$H$53 -> 0.44836044 | J10: =2^-I10 -> 0.73287525 | N10: C2 3d | O10: 14 | P10: 21.063808 | Q10: 19.416796 | R10: 19.332747 | S10: 19.651995 | T10: =(AVERAGE(R10:S10)-AVERAGE(P10:Q10)) -> -0.74793148 | U10: =T10-$T$53 -> 0.56729952 | V10: =2^-U10 -> 0.67487886 | AC10: C2 3d | AD10: 14 | AE10: 21.063808 | AF10: 19.416796 | AG10: 27.531897 | AH10: 25.885597 | AI10: =(AVERAGE(AG10:AH10)-AVERAGE(AE10:AF10)) -> 6.4684448 | AJ10: =AI10-$AG$36 -> 0.3628521 | AK10: =2^-AJ10 -> 0.77762575 | AL10: =LOG(AK10,2) -> -0.3628521 | AO10: C2 8d | AP10: 44 | AQ10: 20.931124 | AR10: 20.001276 | AS10: 24.728598 | AT10: 24.967602 | AU10: =(AVERAGE(AS10:AT10)-AVERAGE(AQ10:AR10)) -> 4.3818998 | AV10: =AU10-$H$57 -> -3.6997531 | AW10: =2^-AV10 -> 12.993815 | AX10: =LOG(AW10,2) -> 3.6997531
B11: C3 3d | C11: 15 | D11: 20.22966 | E11: 20.15831 | F11: 24.454449 | G11: 25.157686 | H11: =(AVERAGE(F11:G11)-AVERAGE(D11:E11)) -> 4.6120825 | I11: =H11-$H$53 -> -0.4195137 | J11: =2^-I11 -> 1.3374766 | N11: C3 3d | O11: 15 | P11: 20.22966 | Q11: 20.15831 | R11: 19.744747 | S11: 19.428711 | T11: =(AVERAGE(R11:S11)-AVERAGE(P11:Q11)) -> -0.60725594 | U11: =T11-$T$53 -> 0.70797507 | V11: =2^-U11 -> 0.61217877 | AC11: C3 3d | AD11: 15 | AE11: 20.22966 | AF11: 20.15831 | AG11: 26.582962 | AH11: 25.924923 | AI11: =(AVERAGE(AG11:AH11)-AVERAGE(AE11:AF11)) -> 6.0599575 | AJ11: =AI11-$AG$36 -> -0.045635223 | AK11: =2^-AJ11 -> 1.0321375 | AL11: =LOG(AK11,2) -> 0.045635223 | AO11: C3 8d | AP11: 45 | AQ11: 21.440744 | AR11: 22.393072 | AS11: 24.633226 | AT11: 24.73221 | AU11: =(AVERAGE(AS11:AT11)-AVERAGE(AQ11:AR11)) -> 2.76581 | AV11: =AU11-$H$57 -> -5.3158429 | AW11: =2^-AV11 -> 39.831639 | AX11: =LOG(AW11,2) -> 5.3158429
B12: Bm 1 3d | C12: 16 | D12: 18.852619 | E12: 18.145897 | F12: 25.562408 | G12: 25.229315 | H12: =(AVERAGE(F12:G12)-AVERAGE(D12:E12)) -> 6.8966036 | I12: =H12-$H$53 -> 1.8650074 | J12: =2^-I12 -> 0.2745218 | N12: Bm 1 3d | O12: 16 | P12: 18.852619 | Q12: 18.145897 | R12: 18.730783 | S12: 18.329363 | T12: =(AVERAGE(R12:S12)-AVERAGE(P12:Q12)) -> 0.030815125 | U12: =T12-$T$53 -> 1.3460461 | V12: =2^-U12 -> 0.39336864 | AC12: Bm 1 3d | AD12: 16 | AE12: 18.852619 | AF12: 18.145897 | AG12: 25.170755 | AH12: 24.975912 | AI12: =(AVERAGE(AG12:AH12)-AVERAGE(AE12:AF12)) -> 6.5740757 | AJ12: =AI12-$AG$36 -> 0.46848297 | AK12: =2^-AJ12 -> 0.72272416 | AL12: =LOG(AK12,2) -> -0.46848297 | AO12: Bm 1 8d | AP12: 46 | AQ12: 21.8265 | AR12: 21.449644 | AS12: 25.820694 | AT12: 25.47747 | AU12: =(AVERAGE(AS12:AT12)-AVERAGE(AQ12:AR12)) -> 4.0110102 | AV12: =AU12-$H$57 -> -4.0706428 | AW12: =2^-AV12 -> 16.802952 | AX12: =LOG(AW12,2) -> 4.0706428
B13: Bm2 3d | C13: 17 | D13: 21.780043 | E13: 20.533335 | F13: 29.693943 | G13: 27.915049 | H13: =(AVERAGE(F13:G13)-AVERAGE(D13:E13)) -> 7.6478071 | I13: =H13-$H$53 -> 2.6162109 | J13: =2^-I13 -> 0.16309552 | N13: Bm2 3d | O13: 17 | P13: 21.780043 | Q13: 20.533335 | R13: 21.182232 | S13: 20.912151 | T13: =(AVERAGE(R13:S13)-AVERAGE(P13:Q13)) -> -0.10949707 | U13: =T13-$T$53 -> 1.2057339 | V13: =2^-U13 -> 0.43354873 | AC13: Bm2 3d | AD13: 17 | AE13: 21.780043 | AF13: 20.533335 | AG13: 27.996984 | AH13: 28.276325 | AI13: =(AVERAGE(AG13:AH13)-AVERAGE(AE13:AF13)) -> 6.9799662 | AJ13: =AI13-$AG$36 -> 0.87437344 | AK13: =2^-AJ13 -> 0.54549072 | AL13: =LOG(AK13,2) -> -0.87437344 | AO13: Bm2 8d | AP13: 47 | AQ13: 20.932346 | AR13: 21.078363 | AS13: 27.391304 | AT13: 26.17873 | AU13: =(AVERAGE(AS13:AT13)-AVERAGE(AQ13:AR13)) -> 5.7796621 | AV13: =AU13-$H$57 -> -2.3019908 | AW13: =2^-AV13 -> 4.9313779 | AX13: =LOG(AW13,2) -> 2.3019908
B14: Bm 3 3d | C14: 18 | D14: 22.37434 | E14: 21.154541 | F14: 27.96884 | G14: 28.660032 | H14: =(AVERAGE(F14:G14)-AVERAGE(D14:E14)) -> 6.5499954 | I14: =H14-$H$53 -> 1.5183992 | J14: =2^-I14 -> 0.34907302 | N14: Bm 3 3d | O14: 18 | P14: 22.37434 | Q14: 21.154541 | R14: 20.808403 | S14: 21.487812 | T14: =(AVERAGE(R14:S14)-AVERAGE(P14:Q14)) -> -0.61633301 | U14: =T14-$T$53 -> 0.698898 | V14: =2^-U14 -> 0.61604259 | AC14: Bm 3 3d | AD14: 18 | AE14: 22.37434 | AF14: 21.154541 | AG14: 29.282314 | AH14: 27.616253 | AI14: =(AVERAGE(AG14:AH14)-AVERAGE(AE14:AF14)) -> 6.6848431 | AJ14: =AI14-$AG$36 -> 0.57925034 | AK14: =2^-AJ14 -> 0.66931148 | AL14: =LOG(AK14,2) -> -0.57925034 | AO14: Bm 3 8d | AP14: 48 | AQ14: 20.473497 | AR14: 20.24229 | AS14: 25.398392 | AT14: 25.537737 | AU14: =(AVERAGE(AS14:AT14)-AVERAGE(AQ14:AR14)) -> 5.1101704 | AV14: =AU14-$H$57 -> -2.9714826 | AW14: =2^-AV14 -> 7.8434186 | AX14: =LOG(AW14,2) -> 2.9714826
B15: C1 4d | C15: 19 | D15: 17.980774 | E15: 17.505638 | F15: 27.745232 | G15: 26.26825 | H15: =(AVERAGE(F15:G15)-AVERAGE(D15:E15)) -> 9.2635345 | I15: =H15-$H$54 -> 1.0642923 | J15: =2^-I15 -> 0.47820719 | N15: C1 4d | O15: 19 | P15: 17.980774 | Q15: 17.505638 | R15: 21.42804 | S15: 20.940527 | T15: =(AVERAGE(R15:S15)-AVERAGE(P15:Q15)) -> 3.4410772 | U15: =T15-$T$54 -> 0.67002487 | V15: =2^-U15 -> 0.62849585 | AC15: C1 5d | AD15: 25 | AE15: 21.003397 | AF15: 20.653542 | AG15: 26.526417 | AH15: 26.960852 | AI15: =(AVERAGE(AG15:AH15)-AVERAGE(AE15:AF15)) -> 5.9151649 | AJ15: =AI15-$AG$37 -> -0.17626413 | AK15: =2^-AJ15 -> 1.1299541 | AL15: =LOG(AK15,2) -> 0.17626413 | AO15: C1 9d | AP15: 49 | AQ15: 22.816856 | AR15: 22.344206 | AS15: 24.871077 | AT15: 25.215931 | AU15: =(AVERAGE(AS15:AT15)-AVERAGE(AQ15:AR15)) -> 2.4629726 | AV15: =AU15-$H$58 -> 1.1174027 | AW15: =2^-AV15 -> 0.46092288 | AX15: =LOG(AW15,2) -> -1.1174027
B16: C2 4d | C16: 20 | D16: 19.6371 | E16: 17.468639 | F16: 26.41782 | G16: 26.168133 | H16: =(AVERAGE(F16:G16)-AVERAGE(D16:E16)) -> 7.7401066 | I16: =H16-$H$54 -> -0.45913569 | J16: =2^-I16 -> 1.374718 | N16: C2 4d | O16: 20 | P16: 19.6371 | Q16: 17.468639 | R16: 21.311577 | S16: 20.704929 | T16: =(AVERAGE(R16:S16)-AVERAGE(P16:Q16)) -> 2.4553833 | U16: =T16-$T$54 -> -0.31566906 | V16: =2^-U16 -> 1.2445887 | AC16: C2 5d | AD16: 26 | AE16: 19.556295 | AF16: 20.136721 | AG16: 26.34037 | AH16: 26.882698 | AI16: =(AVERAGE(AG16:AH16)-AVERAGE(AE16:AF16)) -> 6.7650261 | AJ16: =AI16-$AG$37 -> 0.67359702 | AK16: =2^-AJ16 -> 0.62694161 | AL16: =LOG(AK16,2) -> -0.67359702 | AO16: C2 9d | AP16: 50 | AQ16: 20.805058 | AR16: 21.153971 | AS16: 25.806185 | AT16: 24.489182 | AU16: =(AVERAGE(AS16:AT16)-AVERAGE(AQ16:AR16)) -> 4.168169 | AV16: =AU16-$H$58 -> 2.8225991 | AW16: =2^-AV16 -> 0.1413556 | AX16: =LOG(AW16,2) -> -2.8225991
B17: C3 4d | C17: 21 | D17: 19.177872 | E17: 19.09478 | F17: 26.379051 | G17: 27.081772 | H17: =(AVERAGE(F17:G17)-AVERAGE(D17:E17)) -> 7.5940857 | I17: =H17-$H$54 -> -0.60515658 | J17: =2^-I17 -> 1.5211438 | N17: C3 4d | O17: 21 | P17: 19.177872 | Q17: 19.09478 | R17: 21.31085 | S17: 21.795195 | T17: =(AVERAGE(R17:S17)-AVERAGE(P17:Q17)) -> 2.4166965 | U17: =T17-$T$54 -> -0.35435581 | V17: =2^-U17 -> 1.2784146 | AC17: C3 5d | AD17: 27 | AE17: 20.998573 | AF17: 20.286203 | AG17: 26.332502 | AH17: 26.140467 | AI17: =(AVERAGE(AG17:AH17)-AVERAGE(AE17:AF17)) -> 5.5940962 | AJ17: =AI17-$AG$37 -> -0.49733289 | AK17: =2^-AJ17 -> 1.4116015 | AL17: =LOG(AK17,2) -> 0.49733289 | AO17: C3 9d | AP17: 51 | AQ17: 21.749001 | AR17: 21.121328 | AS17: 26.659939 | AT17: 24.92141 | AU17: =(AVERAGE(AS17:AT17)-AVERAGE(AQ17:AR17)) -> 4.3555098 | AV17: =AU17-$H$58 -> 3.0099398 | AW17: =2^-AV17 -> 0.12414174 | AX17: =LOG(AW17,2) -> -3.0099398
B18: Bm 1 4d | C18: 22 | D18: 16.797829 | E18: 16.11553 | F18: 26.722025 | H18: =(AVERAGE(F18:G18)-AVERAGE(D18:E18)) -> 10.265346 | I18: =H18-$H$54 -> 2.0661033 | J18: =2^-I18 -> 0.23880363 | N18: Bm 1 4d | O18: 22 | P18: 16.797829 | Q18: 16.11553 | R18: 20.856464 | S18: 21.362583 | T18: =(AVERAGE(R18:S18)-AVERAGE(P18:Q18)) -> 4.6528444 | U18: =T18-$T$54 -> 1.8817921 | V18: =2^-U18 -> 0.27134645 | AC18: Bm 1 5d | AD18: 28 | AE18: 24.936951 | AF18: 22.591633 | AG18: 28.518456 | AH18: 28.63541 | AI18: =(AVERAGE(AG18:AH18)-AVERAGE(AE18:AF18)) -> 4.8126411 | AJ18: =AI18-$AG$37 -> -1.2787879 | AK18: =2^-AJ18 -> 2.4263504 | AL18: =LOG(AK18,2) -> 1.2787879 | AO18: Bm 1 9d | AP18: 52 | AQ18: 21.73633 | AR18: 21.520866 | AS18: 25.4347 | AT18: 25.374287 | AU18: =(AVERAGE(AS18:AT18)-AVERAGE(AQ18:AR18)) -> 3.7758951 | AV18: =AU18-$H$58 -> 2.4303252 | AW18: =2^-AV18 -> 0.18552362 | AX18: =LOG(AW18,2) -> -2.4303252
B19: Bm2 4d | C19: 23 | D19: 17.172258 | E19: 16.408842 | F19: 22.914772 | G19: 25.467049 | H19: =(AVERAGE(F19:G19)-AVERAGE(D19:E19)) -> 7.4003601 | I19: =H19-$H$54 -> -0.79888217 | J19: =2^-I19 -> 1.7397526 | N19: Bm2 4d | O19: 23 | P19: 17.172258 | Q19: 16.408842 | R19: 17.852877 | S19: 18.348011 | T19: =(AVERAGE(R19:S19)-AVERAGE(P19:Q19)) -> 1.3098936 | U19: =T19-$T$54 -> -1.4611588 | V19: =2^-U19 -> 2.7532942 | AC19: Bm2 5d | AD19: 29 | AE19: 19.469219 | AF19: 19.481897 | AG19: 27.76157 | AH19: 27.959574 | AI19: =(AVERAGE(AG19:AH19)-AVERAGE(AE19:AF19)) -> 8.3850136 | AJ19: =AI19-$AG$37 -> 2.2935845 | AK19: =2^-AJ19 -> 0.20396811 | AL19: =LOG(AK19,2) -> -2.2935845 | AO19: Bm2 9d | AP19: 53 | AQ19: 21.967373 | AR19: 21.547497 | AS19: 25.4347 | AU19: =(AVERAGE(AS19:AT19)-AVERAGE(AQ19:AR19)) -> 3.6772652 | AV19: =AU19-$H$58 -> 2.3316952 | AW19: =2^-AV19 -> 0.19865056 | AX19: =LOG(AW19,2) -> -2.3316952
B20: Bm 3 4d | C20: 24 | D20: 18.612457 | E20: 18.1621 | F20: 24.519018 | G20: 27.597687 | H20: =(AVERAGE(F20:G20)-AVERAGE(D20:E20)) -> 7.6710739 | I20: =H20-$H$54 -> -0.52816836 | J20: =2^-I20 -> 1.4420972 | N20: Bm 3 4d | O20: 24 | P20: 18.612457 | Q20: 18.1621 | R20: 20.812447 | S20: 20.232615 | T20: =(AVERAGE(R20:S20)-AVERAGE(P20:Q20)) -> 2.135252 | U20: =T20-$T$54 -> -0.63580036 | V20: =2^-U20 -> 1.5537995 | AC20: Bm 3 5d | AD20: 30 | AE20: 22.262863 | AF20: 21.694347 | AG20: 28.474548 | AH20: 27.829439 | AI20: =(AVERAGE(AG20:AH20)-AVERAGE(AE20:AF20)) -> 6.1733885 | AJ20: =AI20-$AG$37 -> 0.081959407 | AK20: =2^-AJ20 -> 0.94477362 | AL20: =LOG(AK20,2) -> -0.081959407 | AO20: Bm 3 9d | AP20: 54 | AQ20: 21.499489 | AR20: 22.336283 | AS20: 25.4347 | AT20: 23.315838 | AU20: =(AVERAGE(AS20:AT20)-AVERAGE(AQ20:AR20)) -> 2.4573832 | AV20: =AU20-$H$58 -> 1.1118132 | AW20: =2^-AV20 -> 0.46271211 | AX20: =LOG(AW20,2) -> -1.1118132
B21: C1 5d | C21: 25 | D21: 21.003397 | E21: 20.653542 | F21: 28.430086 | G21: 28.078693 | H21: =(AVERAGE(F21:G21)-AVERAGE(D21:E21)) -> 7.4259205 | I21: =H21-$H$55 -> -0.17058436 | J21: =2^-I21 -> 1.1255143 | K21: =LOG(J21,2) -> 0.17058436 | N21: C1 5d | O21: 25 | P21: 21.003397 | Q21: 20.653542 | R21: 25.872694 | S21: 25.804256 | T21: =(AVERAGE(R21:S21)-AVERAGE(P21:Q21)) -> 5.010006 | U21: =T21-$T$55 -> -0.30932649 | V21: =2^-U21 -> 1.2391291 | W21: =LOG(V21,2) -> 0.30932649 | AC21: C1 7d | AD21: 37 | AE21: 20.929424 | AF21: 22.087042 | AG21: 28.712782 | AH21: 28.749775 | AI21: =(AVERAGE(AG21:AH21)-AVERAGE(AE21:AF21)) -> 7.2230453 | AJ21: =AI21-$AG$38 -> 1.519091 | AK21: =2^-AJ21 -> 0.34890569 | AL21: =LOG(AK21,2) -> -1.519091
B22: C2 5d | C22: 26 | D22: 19.556295 | E22: 20.136721 | F22: 28.015543 | G22: 27.906311 | H22: =(AVERAGE(F22:G22)-AVERAGE(D22:E22)) -> 8.114419 | I22: =H22-$H$55 -> 0.51791414 | J22: =2^-I22 -> 0.69838083 | K22: =LOG(J22,2) -> -0.51791414 | N22: C2 5d | O22: 26 | P22: 19.556295 | Q22: 20.136721 | R22: 24.922926 | S22: 25.479542 | T22: =(AVERAGE(R22:S22)-AVERAGE(P22:Q22)) -> 5.3547258 | U22: =T22-$T$55 -> 0.035393397 | V22: =2^-U22 -> 0.97576565 | W22: =LOG(V22,2) -> -0.035393397 | AC22: C2 7d | AD22: 38 | AE22: 21.836922 | AG22: 27.684017 | AH22: 28.156311 | AI22: =(AVERAGE(AG22:AH22)-AVERAGE(AE22:AF22)) -> 6.0832424 | AJ22: =AI22-$AG$38 -> 0.37928804 | AK22: =2^-AJ22 -> 0.7688169 | AL22: =LOG(AK22,2) -> -0.37928804
B23: C3 5d | C23: 27 | D23: 20.998573 | E23: 20.286203 | F23: 27.990288 | G23: 27.792839 | H23: =(AVERAGE(F23:G23)-AVERAGE(D23:E23)) -> 7.2491751 | I23: =H23-$H$55 -> -0.34732978 | J23: =2^-I23 -> 1.2722038 | K23: =LOG(J23,2) -> 0.34732978 | N23: C3 5d | O23: 27 | P23: 20.998573 | Q23: 20.286203 | R23: 26.363192 | S23: 26.108116 | T23: =(AVERAGE(R23:S23)-AVERAGE(P23:Q23)) -> 5.5932655 | U23: =T23-$T$55 -> 0.27393309 | V23: =2^-U23 -> 0.82706172 | W23: =LOG(V23,2) -> -0.27393309 | AC23: C3 7d | AD23: 39 | AE23: 31.127039 | AF23: 30.850796 | AG23: 33.640972 | AH23: 35.948013 | AI23: =(AVERAGE(AG23:AH23)-AVERAGE(AE23:AF23)) -> 3.8055754 | AJ23: =AI23-$AG$38 -> -1.898379 | AK23: =AVERAGE(AK21:AK22) -> 0.5588613 | AL23: =LOG(AK23,2) -> -0.83943783
B24: Bm 1 5d | C24: 28 | E24: 22.591633 | F24: 30.052397 | G24: 29.633871 | H24: =(AVERAGE(F24:G24)-AVERAGE(D24:E24)) -> 7.2515011 | I24: =H24-$H$55 -> -0.34500376 | J24: =2^-I24 -> 1.2701543 | K24: =LOG(J24,2) -> 0.34500376 | N24: Bm 1 5d | O24: 28 | P24: 24.936951 | Q24: 22.591633 | R24: 28.3402 | S24: 29.149803 | T24: =(AVERAGE(R24:S24)-AVERAGE(P24:Q24)) -> 4.98071 | U24: =T24-$T$55 -> -0.33862241 | V24: =2^-U24 -> 1.2645485 | W24: =LOG(V24,2) -> 0.33862241 | AC24: Bm 1 7d | AD24: 40 | AE24: 22.484402 | AF24: 22.659548 | AG24: 29.828554 | AH24: 27.761818 | AI24: =(AVERAGE(AG24:AH24)-AVERAGE(AE24:AF24)) -> 6.2232113 | AJ24: =AI24-$AG$38 -> 0.51925691 | AK24: =2^-AJ24 -> 0.69773112 | AL24: =LOG(AK24,2) -> -0.51925691
B25: Bm2 5d | C25: 29 | D25: 19.469219 | E25: 19.481897 | F25: 27.80266 | G25: 27.112232 | H25: =(AVERAGE(F25:G25)-AVERAGE(D25:E25)) -> 7.9818878 | I25: =H25-$H$55 -> 0.38538297 | J25: =2^-I25 -> 0.76557575 | K25: =LOG(J25,2) -> -0.38538297 | N25: Bm2 5d | O25: 29 | P25: 19.469219 | Q25: 19.481897 | R25: 25.755611 | S25: 27.77602 | T25: =(AVERAGE(R25:S25)-AVERAGE(P25:Q25)) -> 7.2902575 | U25: =T25-$T$55 -> 1.970925 | V25: =2^-U25 -> 0.25508942 | W25: =LOG(V25,2) -> -1.970925 | AC25: Bm2 7d | AD25: 41 | AE25: 22.053213 | AF25: 22.400589 | AG25: 28.315805 | AH25: 27.887474 | AI25: =(AVERAGE(AG25:AH25)-AVERAGE(AE25:AF25)) -> 5.8747387 | AJ25: =AI25-$AG$38 -> 0.17078431 | AK25: =2^-AJ25 -> 0.8883596 | AL25: =LOG(AK25,2) -> -0.17078431 | AT25: 5d | AU25: =AVERAGE(AU3:AU5) -> 4.5371946
B26: Bm 3 5d | C26: 30 | D26: 22.262863 | E26: 21.694347 | F26: =AVERAGE(F24:F25) -> 28.927528 | G26: =AVERAGE(G24:G25) -> 28.373052 | H26: =(AVERAGE(F26:G26)-AVERAGE(D26:E26)) -> 6.6716847 | I26: =H26-$H$55 -> -0.92482011 | J26: =2^-I26 -> 1.8984475 | K26: =LOG(J26,2) -> 0.92482011 | N26: Bm 3 5d | O26: 30 | P26: 22.262863 | Q26: 21.694347 | R26: 28.626881 | S26: 28.719343 | T26: =(AVERAGE(R26:S26)-AVERAGE(P26:Q26)) -> 6.6945066 | U26: =T26-$T$55 -> 1.3751742 | V26: =2^-U26 -> 0.38550615 | W26: =LOG(V26,2) -> -1.3751742 | AC26: Bm 3 7d | AD26: 42 | AE26: 22.666315 | AF26: 21.813253 | AG26: 27.418608 | AH26: =AVERAGE(AG25:AH25) -> 28.10164 | AI26: =(AVERAGE(AG26:AH26)-AVERAGE(AE26:AF26)) -> 5.5203395 | AJ26: =AI26-$AG$38 -> -0.18361489 | AK26: =2^-AJ26 -> 1.1357261 | AL26: =LOG(AK26,2) -> 0.18361489 | AT26: 7d | AU26: =AVERAGE(AU9:AU11) -> 3.6884842
B27: C1 6d | C27: 31 | D27: 17.807966 | E27: 17.894079 | F27: 29.313189 | G27: 28.990728 | H27: =(AVERAGE(F27:G27)-AVERAGE(D27:E27)) -> 11.300936 | I27: =H27-$H$56 -> 0.73332405 | J27: =2^-I27 -> 0.60151639 | N27: C1 6d | O27: 31 | P27: 17.807966 | Q27: 17.894079 | R27: 20.822639 | S27: 20.710474 | T27: =(AVERAGE(R27:S27)-AVERAGE(P27:Q27)) -> 2.915534 | U27: =T27-$T$56 -> 0.51237456 | V27: =2^-U27 -> 0.70106759 | AC27: C1 9d | AD27: 49 | AE27: 22.816856 | AF27: 22.344206 | AG27: 27.895035 | AH27: 27.141615 | AI27: =(AVERAGE(AG27:AH27)-AVERAGE(AE27:AF27)) -> 4.9377937 | AJ27: =AI27-$AG$39 -> -0.59529114 | AK27: =2^-AJ27 -> 1.5107774 | AL27: =LOG(AK27,2) -> 0.59529114 | AT27: 10d | AU27: =AVERAGE(AU15:AU17) -> 3.6622171
B28: C2 6d | C28: 32 | D28: 18.269285 | E28: 16.487997 | G28: 27.835989 | H28: =(AVERAGE(F28:G28)-AVERAGE(D28:E28)) -> 10.457348 | I28: =H28-$H$56 -> -0.11026382 | J28: =2^-I28 -> 1.0794256 | N28: C2 6d | O28: 32 | P28: 18.269285 | Q28: 16.487997 | R28: 19.944881 | S28: 19.756725 | T28: =(AVERAGE(R28:S28)-AVERAGE(P28:Q28)) -> 2.4721622 | U28: =T28-$T$56 -> 0.069002787 | V28: =2^-U28 -> 0.9532967 | AC28: C2 9d | AD28: 50 | AE28: 20.805058 | AF28: 21.153971 | AG28: 27.482225 | AH28: 27.300201 | AI28: =(AVERAGE(AG28:AH28)-AVERAGE(AE28:AF28)) -> 6.4116993 | AJ28: =AI28-$AG$39 -> 0.87861443 | AK28: =2^-AJ28 -> 0.54388954 | AL28: =LOG(AK28,2) -> -0.87861443
B29: C3 6d | C29: 33 | D29: 19.378029 | E29: 18.377132 | F29: 28.126972 | G29: 29.517292 | H29: =(AVERAGE(F29:G29)-AVERAGE(D29:E29)) -> 9.9445515 | I29: =H29-$H$56 -> -0.62306023 | J29: =2^-I29 -> 1.5401386 | N29: C3 6d | O29: 33 | P29: 19.378029 | Q29: 18.377132 | R29: 21.453163 | S29: 19.945562 | T29: =(AVERAGE(R29:S29)-AVERAGE(P29:Q29)) -> 1.8217821 | U29: =T29-$T$56 -> -0.58137735 | V29: =2^-U29 -> 1.4962771 | AC29: C3 9d | AD29: 51 | AE29: 21.749001 | AF29: 21.121328 | AG29: 26.816687 | AH29: 26.553165 | AI29: =(AVERAGE(AG29:AH29)-AVERAGE(AE29:AF29)) -> 5.2497616 | AJ29: =AI29-$AG$39 -> -0.28332329 | AK29: =2^-AJ29 -> 1.216995 | AL29: =LOG(AK29,2) -> 0.28332329 | AP29: C | AQ29: Error | AR29: Bm | AS29: Error
B30: Bm 1 6d | C30: 34 | D30: 16.629742 | E30: 14.34235 | F30: 26.632624 | H30: =(AVERAGE(F30:G30)-AVERAGE(D30:E30)) -> 11.146578 | I30: =H30-$H$56 -> 0.57896614 | J30: =2^-I30 -> 0.66944334 | N30: Bm 1 6d | O30: 34 | P30: 16.629742 | Q30: 14.34235 | R30: 19.2244 | S30: 19.603775 | T30: =(AVERAGE(R30:S30)-AVERAGE(P30:Q30)) -> 3.9280415 | U30: =T30-$T$56 -> 1.524882 | V30: =2^-U30 -> 0.34750798 | AC30: Bm 1 9d | AD30: 52 | AE30: 21.73633 | AF30: 21.520866 | AG30: 27.075428 | AH30: 27.21867 | AI30: =(AVERAGE(AG30:AH30)-AVERAGE(AE30:AF30)) -> 5.5184507 | AJ30: =AI30-$AG$39 -> -0.014634132 | AK30: =2^-AJ30 -> 1.0101952 | AL30: =LOG(AK30,2) -> 0.014634132 | AO30: 7d | AP30: =AVERAGE(AW3:AW5) -> 12.377961 | AQ30: =_xlfn.STDEV.S(AW3:AW5)/SQRT(3) -> 7.5612937 | AR30: =AVERAGE(AW6:AW8) -> 17.595787 | AS30: =_xlfn.STDEV.S(AW6:AW8)/SQRT(3) -> 4.8175638
B31: Bm2 6d | C31: 35 | D31: 19.288746 | E31: 18.920383 | F31: 28.197559 | G31: 28.608381 | H31: =(AVERAGE(F31:G31)-AVERAGE(D31:E31)) -> 9.2984056 | I31: =H31-$H$56 -> -1.269206 | J31: =2^-I31 -> 2.4102888 | N31: Bm2 6d | O31: 35 | P31: 19.288746 | Q31: 18.920383 | R31: 20.783791 | S31: 20.59255 | T31: =(AVERAGE(R31:S31)-AVERAGE(P31:Q31)) -> 1.5836058 | U31: =T31-$T$56 -> -0.81955369 | V31: =2^-U31 -> 1.7648599 | AC31: Bm2 9d | AD31: 53 | AE31: 21.967373 | AF31: 21.547497 | AG31: 26.602541 | AH31: 26.820648 | AI31: =(AVERAGE(AG31:AH31)-AVERAGE(AE31:AF31)) -> 4.9541597 | AJ31: =AI31-$AG$39 -> -0.57892513 | AK31: =2^-AJ31 -> 1.4937359 | AL31: =LOG(AK31,2) -> 0.57892513 | AO31: 8d | AP31: =AVERAGE(AW9:AW11) -> 23.583522 | AQ31: =_xlfn.STDEV.S(AW9:AW11)/SQRT(3) -> 8.2478363 | AR31: =AVERAGE(AW12:AW14) -> 9.8592494 | AS31: =_xlfn.STDEV.S(AW12:AW14)/SQRT(3) -> 3.5721724
B32: Bm 3 6d | C32: 36 | D32: 17.951269 | E32: 15.451588 | F32: 26.734798 | G32: 27.995167 | H32: =(AVERAGE(F32:G32)-AVERAGE(D32:E32)) -> 10.663554 | I32: =H32-$H$56 -> 0.095942497 | J32: =2^-I32 -> 0.93566079 | N32: Bm 3 6d | O32: 36 | P32: 17.951269 | Q32: 15.451588 | R32: 20.501608 | S32: 20.836742 | T32: =(AVERAGE(R32:S32)-AVERAGE(P32:Q32)) -> 3.9677467 | U32: =T32-$T$56 -> 1.5645873 | V32: =2^-U32 -> 0.33807441 | AC32: Bm 3 9d | AD32: 54 | AE32: 21.499489 | AF32: 22.336283 | AG32: 26.54211 | AH32: 26.607286 | AI32: =(AVERAGE(AG32:AH32)-AVERAGE(AE32:AF32)) -> 4.6568127 | AJ32: =AI32-$AG$39 -> -0.8762722 | AK32: =2^-AJ32 -> 1.8356261 | AL32: =LOG(AK32,2) -> 0.8762722 | AO32: 9d | AP32: =AVERAGE(AW15:AW17) -> 0.24214007 | AQ32: =_xlfn.STDEV.S(AW15:AW17)/SQRT(3) -> 0.10950421 | AR32: =AVERAGE(AW18:AW20) -> 0.28229543 | AS32: =_xlfn.STDEV.S(AW18:AW20)/SQRT(3) -> 0.090287897
B33: C1 7d | C33: 37 | D33: 20.929424 | E33: 22.087042 | F33: 30.311625 | G33: 30.221291 | H33: =(AVERAGE(F33:G33)-AVERAGE(D33:E33)) -> 8.7582245 | I33: =H33-$H$57 -> 0.67657153 | J33: =2^-I33 -> 0.62565033 | K33: =LOG(J33,2) -> -0.67657153 | N33: C1 7d | O33: 37 | P33: 20.929424 | Q33: 22.087042 | R33: 27.530617 | S33: 26.812742 | T33: =(AVERAGE(R33:S33)-AVERAGE(P33:Q33)) -> 5.6634464 | U33: =T33-$T$57 -> 1.7410145 | V33: =2^-U33 -> 0.29915924 | W33: =LOG(V33,2) -> -1.7410145
B34: C2 7d | C34: 38 | D34: 21.836922 | E34: =AVERAGE(D33:D34) -> 21.383173 | F34: 28.986437 | G34: 28.925531 | H34: =(AVERAGE(F34:G34)-AVERAGE(D34:E34)) -> 7.3459368 | I34: =H34-$H$57 -> -0.73571618 | J34: =2^-I34 -> 1.6652239 | K34: =LOG(J34,2) -> 0.73571618 | N34: C2 7d | O34: 38 | P34: 21.836922 | R34: 26.44907 | S34: 25.900293 | T34: =(AVERAGE(R34:S34)-AVERAGE(P34:Q34)) -> 4.33776 | U34: =T34-$T$57 -> 0.41532803 | V34: =2^-U34 -> 0.74984898 | W34: =LOG(V34,2) -> -0.41532803
B35: C3 7d | C35: 39 | D35: =AVERAGE(D33:E33) -> 21.508233 | F35: =AVERAGE(F33:F34) -> 29.649031 | H35: =(AVERAGE(F35:G35)-AVERAGE(D35:E35)) -> 8.1407976 | I35: =H35-$H$57 -> 0.059144656 | J35: =2^-I35 -> 0.95983302 | K35: =LOG(J35,2) -> -0.059144656 | N35: C3 7d | O35: 39 | P35: 31.127039 | Q35: 30.850796 | R35: 32.638004 | S35: 32.872009 | T35: =(AVERAGE(R35:S35)-AVERAGE(P35:Q35)) -> 1.7660894 | U35: =T35-$T$57 -> -2.1563425 | V35: =AVERAGE(V33:V34) -> 0.52450411 | W35: =LOG(V35,2) -> -0.93097402 | AF35: 1d | AG35: =AVERAGE(AI3:AI5) -> 6.7329925
B36: Bm 1 7d | C36: 40 | D36: 22.484402 | E36: 22.659548 | F36: 30.039825 | G36: 30.180965 | H36: =(AVERAGE(F36:G36)-AVERAGE(D36:E36)) -> 7.5384207 | I36: =H36-$H$57 -> -0.54323228 | J36: =2^-I36 -> 1.4572337 | K36: =LOG(J36,2) -> 0.54323228 | N36: Bm 1 7d | O36: 40 | P36: 22.484402 | Q36: 22.659548 | R36: 26.208107 | S36: 26.198566 | T36: =(AVERAGE(R36:S36)-AVERAGE(P36:Q36)) -> 3.631362 | U36: =T36-$T$57 -> -0.29106998 | V36: =2^-U36 -> 1.2235474 | W36: =LOG(V36,2) -> 0.29106998 | AF36: 3d | AG36: =AVERAGE(AI9:AI11) -> 6.1055927
B37: Bm2 7d | C37: 41 | D37: 22.053213 | E37: 22.400589 | F37: 29.964874 | G37: 28.933453 | H37: =(AVERAGE(F37:G37)-AVERAGE(D37:E37)) -> 7.2222624 | I37: =H37-$H$57 -> -0.85939058 | J37: =2^-I37 -> 1.8142718 | K37: =LOG(J37,2) -> 0.85939058 | N37: Bm2 7d | O37: 41 | P37: 22.053213 | Q37: 22.400589 | R37: 28.036987 | S37: 27.172014 | T37: =(AVERAGE(R37:S37)-AVERAGE(P37:Q37)) -> 5.3775997 | U37: =T37-$T$57 -> 1.4551678 | V37: =2^-U37 -> 0.36471267 | W37: =LOG(V37,2) -> -1.4551678 | AF37: 5d | AG37: =AVERAGE(AI15:AI17) -> 6.0914291
B38: Bm 3 7d | C38: 42 | D38: 22.666315 | E38: 21.813253 | F38: =AVERAGE(G36:G37) -> 29.557209 | H38: =(AVERAGE(F38:G38)-AVERAGE(D38:E38)) -> 7.3174248 | I38: =H38-$H$57 -> -0.76422819 | J38: =2^-I38 -> 1.6984611 | K38: =LOG(J38,2) -> 0.76422819 | N38: Bm 3 7d | O38: 42 | P38: 22.666315 | Q38: 21.813253 | R38: 24.569788 | S38: 24.791063 | T38: =(AVERAGE(R38:S38)-AVERAGE(P38:Q38)) -> 2.4406414 | U38: =T38-$T$57 -> -1.4817905 | V38: =2^-U38 -> 2.7929515 | W38: =LOG(V38,2) -> 1.4817905 | AF38: 7d | AG38: =AVERAGE(AI21:AI23) -> 5.7039544
B39: C1 8d | C39: 43 | D39: 21.28845 | E39: 21.822668 | F39: 22.864216 | G39: 22.431517 | H39: =(AVERAGE(F39:G39)-AVERAGE(D39:E39)) -> 1.0923071 | I39: =H39-$H$58 -> -0.25326284 | J39: =2^-I39 -> 1.1918997 | K39: =LOG(J39,2) -> 0.25326284 | N39: C1 8d | O39: 43 | P39: 21.28845 | Q39: 21.822668 | R39: 26.138163 | S39: 25.741388 | T39: =(AVERAGE(R39:S39)-AVERAGE(P39:Q39)) -> 4.3842163 | U39: =T39-$T$58 -> -0.4118309 | V39: =2^-U39 -> 1.3303731 | W39: =LOG(V39,2) -> 0.4118309 | AF39: 10d | AG39: =AVERAGE(AI27:AI29) -> 5.5330849
B40: C2 8d | C40: 44 | D40: 20.931124 | E40: 20.001276 | F40: 21.227573 | G40: 21.417307 | H40: =(AVERAGE(F40:G40)-AVERAGE(D40:E40)) -> 0.85624027 | I40: =H40-$H$58 -> -0.48932966 | J40: =2^-I40 -> 1.4037925 | K40: =LOG(J40,2) -> 0.48932966 | N40: C2 8d | O40: 44 | P40: 20.931124 | Q40: 20.001276 | R40: 26.622063 | S40: 24.979567 | T40: =(AVERAGE(R40:S40)-AVERAGE(P40:Q40)) -> 5.3346148 | U40: =T40-$T$58 -> 0.53856754 | V40: =2^-U40 -> 0.68845414 | W40: =LOG(V40,2) -> -0.53856754 | AD40: C | AE40: Error | AF40: Bm | AG40: Error
B41: C3 8d | C41: 45 | D41: 21.440744 | E41: 22.393072 | F41: 24.081638 | G41: 23.928503 | H41: =(AVERAGE(F41:G41)-AVERAGE(D41:E41)) -> 2.0881624 | I41: =H41-$H$58 -> 0.74259249 | J41: =2^-I41 -> 0.5976644 | K41: =LOG(J41,2) -> -0.74259249 | N41: C3 8d | O41: 45 | P41: 21.440744 | Q41: 22.393072 | R41: 27.236717 | S41: 25.93572 | T41: =(AVERAGE(R41:S41)-AVERAGE(P41:Q41)) -> 4.6693106 | U41: =T41-$T$58 -> -0.12673664 | V41: =2^-U41 -> 1.0918212 | W41: =LOG(V41,2) -> 0.12673664 | AC41: 1d | AD41: =AVERAGE(AK3:AK5) -> 1.1069062 | AE41: =_xlfn.STDEV.S(AK3:AK5)/SQRT(3) -> 0.36957366 | AF41: =AVERAGE(AK6:AK8) -> 1.0652444 | AG41: =_xlfn.STDEV.S(AK6:AK8)/SQRT(3) -> 0.41683966
B42: Bm 1 8d | C42: 46 | D42: 21.8265 | E42: 21.449644 | F42: 23.411545 | G42: 22.81064 | H42: =(AVERAGE(F42:G42)-AVERAGE(D42:E42)) -> 1.4730206 | I42: =H42-$H$58 -> 0.12745063 | J42: =2^-I42 -> 0.9154477 | K42: =LOG(J42,2) -> -0.12745063 | N42: Bm 1 8d | O42: 46 | P42: 21.8265 | Q42: 21.449644 | R42: 27.772562 | S42: 27.078871 | T42: =(AVERAGE(R42:S42)-AVERAGE(P42:Q42)) -> 5.7876444 | U42: =T42-$T$58 -> 0.99159718 | V42: =2^-U42 -> 0.50292069 | W42: =LOG(V42,2) -> -0.99159718 | AC42: 3d | AD42: =AVERAGE(AK9:AK11) -> 1.0185627 | AE42: =_xlfn.STDEV.S(AK9:AK11)/SQRT(3) -> 0.13535654 | AF42: =AVERAGE(AK12:AK14) -> 0.64584212 | AG42: =_xlfn.STDEV.S(AK12:AK14)/SQRT(3) -> 0.052491368
B43: Bm2 8d | C43: 47 | D43: 20.932346 | E43: 21.078363 | F43: 23.516291 | G43: 23.918486 | H43: =(AVERAGE(F43:G43)-AVERAGE(D43:E43)) -> 2.7120333 | I43: =H43-$H$58 -> 1.3664633 | J43: =2^-I43 -> 0.38784085 | K43: =LOG(J43,2) -> -1.3664633 | N43: Bm2 8d | O43: 47 | P43: 20.932346 | Q43: 21.078363 | R43: 27.037506 | S43: 26.586056 | T43: =(AVERAGE(R43:S43)-AVERAGE(P43:Q43)) -> 5.806426 | U43: =T43-$T$58 -> 1.0103788 | V43: =2^-U43 -> 0.49641588 | W43: =LOG(V43,2) -> -1.0103788 | AC43: 5d | AD43: =AVERAGE(AK15:AK17) -> 1.0561657 | AE43: =_xlfn.STDEV.S(AK15:AK17)/SQRT(3) -> 0.22949679 | AF43: =AVERAGE(AK18:AK20) -> 1.1916974 | AG43: =_xlfn.STDEV.S(AK18:AK20)/SQRT(3) -> 0.65331828
B44: Bm 3 8d | C44: 48 | D44: 20.473497 | E44: 20.24229 | F44: 21.872303 | G44: 22.43129 | H44: =(AVERAGE(F44:G44)-AVERAGE(D44:E44)) -> 1.7939024 | I44: =H44-$H$58 -> 0.44833247 | J44: =2^-I44 -> 0.73288946 | K44: =LOG(J44,2) -> -0.44833247 | N44: Bm 3 8d | O44: 48 | P44: 20.473497 | Q44: 20.24229 | R44: 25.613558 | S44: 25.707857 | T44: =(AVERAGE(R44:S44)-AVERAGE(P44:Q44)) -> 5.3028135 | U44: =T44-$T$58 -> 0.50676632 | V44: =2^-U44 -> 0.70379818 | W44: =LOG(V44,2) -> -0.50676632 | AC44: 7d | AD44: =AVERAGE(AK21:AK23) -> 0.5588613 | AE44: =_xlfn.STDEV.S(AK21:AK23)/SQRT(3) -> 0.12121793 | AF44: =AVERAGE(AK24:AK26) -> 0.90727226 | AG44: =_xlfn.STDEV.S(AK24:AK26)/SQRT(3) -> 0.12679137
B45: C1 9d | C45: 49 | D45: 22.816856 | E45: 22.344206 | F45: 23.89052 | G45: 23.609438 | H45: =(AVERAGE(F45:G45)-AVERAGE(D45:E45)) -> 1.1694479 | I45: =H45-$H$59 -> -0.57204374 | J45: =2^-I45 -> 1.4866281 | N45: C1 9d | O45: 49 | P45: 22.816856 | Q45: 22.344206 | R45: 25.998386 | S45: 26.751369 | T45: =(AVERAGE(R45:S45)-AVERAGE(P45:Q45)) -> 3.7943468 | U45: =T45-$T$59 -> -1.1385609 | V45: =2^-U45 -> 2.2016131 | W45: =LOG(V45,2) -> 1.1385609 | AC45: 10d | AD45: =AVERAGE(AK27:AK29) -> 1.090554 | AE45: =_xlfn.STDEV.S(AK27:AK29)/SQRT(3) -> 0.28618674 | AF45: =AVERAGE(AK30:AK32) -> 1.4465191 | AG45: =_xlfn.STDEV.S(AK30:AK32)/SQRT(3) -> 0.23944804
B46: C2 9d | C46: 50 | D46: 20.805058 | E46: 21.153971 | F46: 23.312969 | G46: 23.697706 | H46: =(AVERAGE(F46:G46)-AVERAGE(D46:E46)) -> 2.5258236 | I46: =H46-$H$59 -> 0.78433196 | J46: =2^-I46 -> 0.58062075 | N46: C2 9d | O46: 50 | P46: 20.805058 | Q46: 21.153971 | R46: 26.885889 | S46: 25.975866 | T46: =(AVERAGE(R46:S46)-AVERAGE(P46:Q46)) -> 5.4513636 | U46: =T46-$T$59 -> 0.51845582 | V46: =2^-U46 -> 0.69811866 | W46: =LOG(V46,2) -> -0.51845582
B47: C3 9d | C47: 51 | D47: 21.749001 | E47: 21.121328 | F47: 22.911785 | G47: 23.016951 | H47: =(AVERAGE(F47:G47)-AVERAGE(D47:E47)) -> 1.5292034 | I47: =H47-$H$59 -> -0.21228822 | J47: =2^-I47 -> 1.1585242 | N47: C3 9d | O47: 51 | P47: 21.749001 | Q47: 21.121328 | R47: 27.027044 | S47: 26.94931 | T47: =(AVERAGE(R47:S47)-AVERAGE(P47:Q47)) -> 5.5530128 | U47: =T47-$T$59 -> 0.62010511 | V47: =2^-U47 -> 0.65062352 | W47: =LOG(V47,2) -> -0.62010511
B48: Bm 1 9d | C48: 52 | D48: 21.73633 | E48: 21.520866 | F48: 24.348721 | G48: 24.603399 | H48: =(AVERAGE(F48:G48)-AVERAGE(D48:E48)) -> 2.8474617 | I48: =H48-$H$59 -> 1.1059701 | J48: =2^-I48 -> 0.46458998 | N48: Bm 1 9d | O48: 52 | P48: 21.73633 | Q48: 21.520866 | R48: 26.449821 | S48: 26.935835 | T48: =(AVERAGE(R48:S48)-AVERAGE(P48:Q48)) -> 5.06423 | U48: =T48-$T$59 -> 0.13132222 | V48: =2^-U48 -> 0.91299431 | W48: =LOG(V48,2) -> -0.13132222
B49: Bm2 9d | C49: 53 | D49: 21.967373 | E49: 21.547497 | F49: 23.168129 | G49: 23.550488 | H49: =(AVERAGE(F49:G49)-AVERAGE(D49:E49)) -> 1.6018734 | I49: =H49-$H$59 -> -0.13961824 | J49: =2^-I49 -> 1.1016136 | N49: Bm2 9d | O49: 53 | P49: 21.967373 | Q49: 21.547497 | R49: 26.66634 | S49: 26.411585 | T49: =(AVERAGE(R49:S49)-AVERAGE(P49:Q49)) -> 4.7815275 | U49: =T49-$T$59 -> -0.15138022 | V49: =2^-U49 -> 1.1106315 | W49: =LOG(V49,2) -> 0.15138022
B50: Bm 3 9d | C50: 54 | D50: 21.499489 | E50: 22.336283 | F50: 21.800167 | G50: 21.980473 | H50: =(AVERAGE(F50:G50)-AVERAGE(D50:E50)) -> -0.027565956 | I50: =H50-$H$59 -> -1.7690576 | J50: =2^-I50 -> 3.4083124 | N50: Bm 3 9d | O50: 54 | P50: 21.499489 | Q50: 22.336283 | R50: 25.973711 | S50: 25.410908 | T50: =(AVERAGE(R50:S50)-AVERAGE(P50:Q50)) -> 3.7744236 | U50: =T50-$T$59 -> -1.1584841 | V50: =2^-U50 -> 2.2322276 | W50: =LOG(V50,2) -> 1.1584841
G52: 2d | H52: =AVERAGE(H3:H5) -> 9.9702587 | S52: 2d | T52: =AVERAGE(T3:T5) -> 3.428758
G53: 3d | H53: =AVERAGE(H9:H11) -> 5.0315962 | S53: 3d | T53: =AVERAGE(T9:T11) -> -1.315231
G54: 4d | H54: =AVERAGE(H15:H17) -> 8.1992423 | S54: 4d | T54: =AVERAGE(T15:T17) -> 2.7710524
G55: 5d | H55: =AVERAGE(H21:H23) -> 7.5965048 | S55: 5d | T55: =AVERAGE(T21:T23) -> 5.3193324
G56: 6d | H56: =AVERAGE(H27:H29) -> 10.567612 | S56: 6d | T56: =AVERAGE(T27:T29) -> 2.4031595
G57: 7d | H57: =AVERAGE(H33:H35) -> 8.081653 | S57: 7d | T57: =AVERAGE(T33:T35) -> 3.9224319
G58: 8d | H58: =AVERAGE(H39:H41) -> 1.3455699 | S58: 8d | T58: =AVERAGE(T39:T41) -> 4.7960472
G59: 9d | H59: =AVERAGE(H45:H47) -> 1.7414916 | S59: 9d | T59: =AVERAGE(T45:T47) -> 4.9329077
C61: C | D61: Error | E61: Bm | F61: Error | O61: C | P61: Error | Q61: Bm | R61: Error
B62: 2d | C62: =AVERAGE(J3:J5) -> 1.0134078 | D62: =_xlfn.STDEV.S(J3:J5)/SQRT(3) -> 0.11861871 | E62: =AVERAGE(J6:J8) -> 2.0404566 | F62: =_xlfn.STDEV.S(J6:J8)/SQRT(3) -> 1.1951304 | N62: 2d | O62: =AVERAGE(V3:V5) -> 1.0883414 | P62: =_xlfn.STDEV.S(V3:V5)/SQRT(3) -> 0.31475355 | Q62: =AVERAGE(V6:V8) -> 2.1556885 | R62: =_xlfn.STDEV.S(V6:V8)/SQRT(3) -> 0.69402335
B63: 3d | C63: =AVERAGE(J9:J11) -> 1.0301827 | D63: =_xlfn.STDEV.S(J9:J11)/SQRT(3) -> 0.1746048 | E63: =AVERAGE(J12:J14) -> 0.26223011 | F63: =_xlfn.STDEV.S(J12:J14)/SQRT(3) -> 0.054037708 | N63: 3d | O63: =AVERAGE(V9:V11) -> 1.2358355 | P63: =_xlfn.STDEV.S(V9:V11)/SQRT(3) -> 0.59258316 | Q63: =AVERAGE(V12:V14) -> 0.48098666 | R63: =_xlfn.STDEV.S(V12:V14)/SQRT(3) -> 0.068516882
B64: 4d | C64: =AVERAGE(J15:J17) -> 1.1246897 | D64: =_xlfn.STDEV.S(J15:J17)/SQRT(3) -> 0.32599327 | E64: =AVERAGE(J18:J20) -> 1.1402178 | F64: =_xlfn.STDEV.S(J18:J20)/SQRT(3) -> 0.4588247 | N64: 4d | O64: =AVERAGE(V15:V17) -> 1.0504997 | P64: =_xlfn.STDEV.S(V15:V17)/SQRT(3) -> 0.21122776 | Q64: =AVERAGE(V18:V20) -> 1.5261467 | R64: =_xlfn.STDEV.S(V18:V20)/SQRT(3) -> 0.71660999
B65: 5d | C65: =AVERAGE(J21:J23) -> 1.032033 | D65: =_xlfn.STDEV.S(J21:J23)/SQRT(3) -> 0.17211649 | E65: =AVERAGE(J24:J26) -> 1.3113925 | F65: =_xlfn.STDEV.S(J24:J26)/SQRT(3) -> 0.32768127 | N65: 5d | O65: =AVERAGE(V21:V23) -> 1.0139855 | P65: =_xlfn.STDEV.S(V21:V23)/SQRT(3) -> 0.12047883 | Q65: =AVERAGE(V24:V26) -> 0.63504804 | R65: =_xlfn.STDEV.S(V24:V26)/SQRT(3) -> 0.31699384
B66: 6d | C66: =AVERAGE(J27:J29) -> 1.0736935 | D66: =_xlfn.STDEV.S(J27:J29)/SQRT(3) -> 0.27097206 | E66: =AVERAGE(J27:J29) -> 1.0736935 | F66: =_xlfn.STDEV.S(J30:J32)/SQRT(3) -> 0.54139443 | N66: 6d | O66: =AVERAGE(V27:V29) -> 1.0502138 | P66: =_xlfn.STDEV.S(V27:V29)/SQRT(3) -> 0.23461616 | Q66: =AVERAGE(V27:V29) -> 1.0502138 | R66: =_xlfn.STDEV.S(V30:V32)/SQRT(3) -> 0.47403074
B67: 7d | C67: =AVERAGE(J33:J35) -> 1.0835691 | D67: =_xlfn.STDEV.S(J33:J35)/SQRT(3) -> 0.30641 | E67: =AVERAGE(J36:J38) -> 1.6566555 | F67: =_xlfn.STDEV.S(J36:J38)/SQRT(3) -> 0.10516625 | N67: 7d | O67: =AVERAGE(V33:V35) -> 0.52450411 | P67: =_xlfn.STDEV.S(V33:V35)/SQRT(3) -> 0.13010292 | Q67: =AVERAGE(V36:V38) -> 1.4604039 | R67: =_xlfn.STDEV.S(V36:V38)/SQRT(3) -> 0.71090593
B68: 8d | C68: =AVERAGE(J39:J41) -> 1.0644522 | D68: =_xlfn.STDEV.S(J39:J41)/SQRT(3) -> 0.2412763 | E68: =AVERAGE(J42:J44) -> 0.678726 | F68: =_xlfn.STDEV.S(J42:J44)/SQRT(3) -> 0.15469595 | N68: 8d | O68: =AVERAGE(V39:V41) -> 1.0368828 | P68: =_xlfn.STDEV.S(V39:V41)/SQRT(3) -> 0.18733095 | Q68: =AVERAGE(V42:V44) -> 0.56771158 | R68: =_xlfn.STDEV.S(V42:V44)/SQRT(3) -> 0.068069202
B69: 9d | C69: =AVERAGE(J45:J47) -> 1.0752577 | D69: =_xlfn.STDEV.S(J45:J47)/SQRT(3) -> 0.26483473 | E69: =AVERAGE(J45:J47) -> 1.0752577 | F69: =_xlfn.STDEV.S(J45:J47)/SQRT(3) -> 0.26483473 | N69: 9d | O69: =AVERAGE(V45:V47) -> 1.1834517 | P69: =_xlfn.STDEV.S(V45:V47)/SQRT(3) -> 0.50926525 | Q69: =AVERAGE(V45:V47) -> 1.1834517 | R69: =_xlfn.STDEV.S(V45:V47)/SQRT(3) -> 0.50926525
E75: UBI | G75: LOXD | Q75: UBI | S75: OPR3 | AF75: UBI | AG75: ICS | AR75: UBI | AT75: MYC2
C76: Sample | D76: Housekeeping gene | E76: Housekeeping gene | F76: Gene of interest | G76: Gene of interest | H76: ΔCt(Ct gene interest - Ct housekeeping gene) | I76: ΔΔCt(ΔCt muestra - ΔCt control average) | J76: 2^-(ΔΔCt) | K76: log | O76: Sample | Q76: Housekeeping gene | S76: Gene of interest | T76: ΔCt(Ct gene interest - Ct housekeeping gene) | U76: ΔΔCt(ΔCt muestra - ΔCt control average) | V76: 2^-(ΔΔCt) | W76: log | AD76: Sample | AE76: Housekeeping gene | AF76: Housekeeping gene | AG76: Gene of interest | AH76: Gene of interest | AI76: ΔCt(Ct gene interest - Ct housekeeping gene) | AJ76: ΔΔCt(ΔCt muestra - ΔCt control average) | AK76: 2^-(ΔΔCt) | AL76: log | AP76: Sample | AQ76: Housekeeping gene | AR76: Housekeeping gene | AS76: Gene of interest | AT76: Gene of interest | AU76: ΔCt(Ct gene interest - Ct housekeeping gene) | AV76: ΔΔCt(ΔCt muestra - ΔCt control average) | AW76: 2^-(ΔΔCt) | AX76: log
B77: C1 2d | C77: 7 | D77: 20.584412 | E77: 20.713362 | F77: 28.257273 | G77: 28.309553 | H77: =(AVERAGE(F77:G77)-AVERAGE(D77:E77)) -> 7.6345263 | I77: =H77-$H$126 -> 1.7602898 | J77: =2^-I77 -> 0.29518886 | N77: C1 2d | O77: 7 | P77: 20.584412 | Q77: 20.713362 | R77: 19.769684 | S77: 21.700659 | T77: =(AVERAGE(R77:S77)-AVERAGE(P77:Q77)) -> 0.086284637 | U77: =T77-$T$126 -> 1.0823838 | V77: =2^-U77 -> 0.47224787 | AC77: C1 1d | AD77: 1 | AE77: 24.554674 | AF77: 23.712543 | AG77: 27.545727 | AH77: 28.015465 | AI77: =(AVERAGE(AG77:AH77)-AVERAGE(AE77:AF77)) -> 3.646987 | AJ77: =AI77-$AG$35 -> -3.0860055 | AK77: =2^-AJ77 -> 8.4914182 | AL77: =LOG(AK77,2) -> 3.0860055 | AO77: C1 7d | AP77: 37 | AQ77: 24.712626 | AR77: 22.974302 | AS77: 27.063175 | AT77: 25.749964 | AU77: =(AVERAGE(AS77:AT77)-AVERAGE(AQ77:AR77)) -> 2.5631056 | AV77: =AU77-$H$55 -> -5.0333993 | AW77: =2^-AV77 -> 32.749461 | AX77: =LOG(AW77,2) -> 5.0333993
B78: C2 2d | C78: 8 | D78: 22.17337 | E78: 22.022058 | F78: 27.076267 | G78: 26.972845 | H78: =(AVERAGE(F78:G78)-AVERAGE(D78:E78)) -> 4.9268417 | I78: =H78-$H$126 -> -0.94739469 | J78: =2^-I78 -> 1.9283871 | N78: C2 2d | O78: 8 | P78: 22.17337 | Q78: 22.022058 | R78: 21.201502 | S78: 20.481644 | T78: =(AVERAGE(R78:S78)-AVERAGE(P78:Q78)) -> -1.2561417 | U78: =T78-$T$126 -> -0.26004251 | V78: =2^-U78 -> 1.197514 | AC78: C2 1d | AD78: 2 | AE78: 23.811571 | AF78: 24.252682 | AG78: 29.003445 | AH78: 27.833126 | AI78: =(AVERAGE(AG78:AH78)-AVERAGE(AE78:AF78)) -> 4.3861589 | AJ78: =AI78-$AG$35 -> -2.3468335 | AK78: =2^-AJ78 -> 5.0870651 | AL78: =LOG(AK78,2) -> 2.3468335 | AO78: C2 7d | AP78: 38 | AQ78: 24.994482 | AR78: 23.902042 | AS78: 25.081184 | AT78: 24.235033 | AU78: =(AVERAGE(AS78:AT78)-AVERAGE(AQ78:AR78)) -> 0.2098465 | AV78: =AU78-$H$55 -> -7.3866584 | AW78: =2^-AV78 -> 167.3423 | AX78: =LOG(AW78,2) -> 7.3866584
B79: C3 2d | C79: 9 | D79: 23.045595 | E79: 23.243099 | G79: 28.205688 | H79: =(AVERAGE(F79:G79)-AVERAGE(D79:E79)) -> 5.0613413 | I79: =H79-$H$126 -> -0.81289514 | J79: =2^-I79 -> 1.7567332 | N79: C3 2d | O79: 9 | P79: 23.045595 | Q79: 23.243099 | R79: 21.847816 | S79: 20.803997 | T79: =(AVERAGE(R79:S79)-AVERAGE(P79:Q79)) -> -1.8184404 | U79: =T79-$T$126 -> -0.82234128 | V79: =2^-U79 -> 1.7682733 | AC79: C3 1d | AD79: 3 | AE79: 24.243973 | AF79: 24.073687 | AG79: 29.036283 | AH79: 27.539627 | AI79: =(AVERAGE(AG79:AH79)-AVERAGE(AE79:AF79)) -> 4.1291256 | AJ79: =AI79-$AG$35 -> -2.6038669 | AK79: =2^-AJ79 -> 6.0791385 | AL79: =LOG(AK79,2) -> 2.6038669 | AO79: C3 7d | AP79: 39 | AQ79: 36.971157 | AR79: 36.900169 | AS79: Undetermined | AT79: 36.880978 | AU79: =(AVERAGE(AS79:AT79)-AVERAGE(AQ79:AR79)) -> -0.054685593 | AV79: =AU79-$H$55 -> -7.6511904 | AW79: =2^-AV79 -> 201.01933 | AX79: =LOG(AW79,2) -> 7.6511904
B80: Bm 1 2d | C80: 10 | D80: 21.155014 | E80: 21.247477 | F80: 25.615421 | G80: 25.747679 | H80: =(AVERAGE(F80:G80)-AVERAGE(D80:E80)) -> 4.4803047 | I80: =H80-$H$126 -> -1.3939317 | J80: =2^-I80 -> 2.6279389 | N80: Bm 1 2d | O80: 10 | P80: 21.155014 | Q80: 21.247477 | R80: 19.664381 | S80: 19.619452 | T80: =(AVERAGE(R80:S80)-AVERAGE(P80:Q80)) -> -1.559329 | U80: =T80-$T$126 -> -0.56322988 | V80: =2^-U80 -> 1.4775735 | AC80: Bm 1 1d | AD80: 4 | AE80: 24.691946 | AF80: 23.844992 | AG80: 27.416527 | AH80: 27.122839 | AI80: =(AVERAGE(AG80:AH80)-AVERAGE(AE80:AF80)) -> 3.001214 | AJ80: =AI80-$AG$35 -> -3.7317785 | AK80: =2^-AJ80 -> 13.28548 | AL80: =LOG(AK80,2) -> 3.7317785 | AO80: Bm 1 7d | AP80: 40 | AQ80: 25.086939 | AR80: 24.758944 | AS80: 27.326216 | AT80: 26.961588 | AU80: =(AVERAGE(AS80:AT80)-AVERAGE(AQ80:AR80)) -> 2.2209606 | AV80: =AU80-$H$55 -> -5.3755442 | AW80: =2^-AV80 -> 41.514523 | AX80: =LOG(AW80,2) -> 5.3755442
B81: Bm2 2d | C81: 11 | D81: 22.501272 | E81: 22.638418 | F81: 28.114885 | G81: 27.348095 | H81: =(AVERAGE(F81:G81)-AVERAGE(D81:E81)) -> 5.1616449 | I81: =H81-$H$126 -> -0.71259149 | J81: =2^-I81 -> 1.6387451 | N81: Bm2 2d | O81: 11 | P81: 22.501272 | Q81: 22.638418 | R81: 20.584335 | S81: 20.793354 | T81: =(AVERAGE(R81:S81)-AVERAGE(P81:Q81)) -> -1.8810005 | U81: =T81-$T$126 -> -0.88490136 | V81: =2^-U81 -> 1.8466384 | AC81: Bm2 1d | AD81: 5 | AE81: 24.913391 | AF81: 24.346113 | AG81: 28.117567 | AH81: 27.720127 | AI81: =(AVERAGE(AG81:AH81)-AVERAGE(AE81:AF81)) -> 3.2890949 | AJ81: =AI81-$AG$35 -> -3.4438976 | AK81: =2^-AJ81 -> 10.882194 | AL81: =LOG(AK81,2) -> 3.4438976 | AO81: Bm2 7d | AP81: 41 | AQ81: 25.350628 | AR81: 25.481234 | AS81: 25.647228 | AT81: 25.251757 | AU81: =(AVERAGE(AS81:AT81)-AVERAGE(AQ81:AR81)) -> 0.033561707 | AV81: =AU81-$H$55 -> -7.5629431 | AW81: =2^-AV81 -> 189.09182 | AX81: =LOG(AW81,2) -> 7.5629431
B82: Bm 3 2d | C82: 12 | D82: 21.447052 | E82: 21.29052 | F82: 29.92415 | G82: 29.333765 | H82: =(AVERAGE(F82:G82)-AVERAGE(D82:E82)) -> 8.2601719 | I82: =H82-$H$126 -> 2.3859355 | J82: =2^-I82 -> 0.19132065 | N82: Bm 3 2d | O82: 12 | P82: 21.447052 | Q82: 21.29052 | R82: 19.513596 | S82: 19.164574 | T82: =(AVERAGE(R82:S82)-AVERAGE(P82:Q82)) -> -2.0297012 | U82: =T82-$T$126 -> -1.0336021 | V82: =2^-U82 -> 2.0471291 | AC82: Bm 3 1d | AD82: 6 | AE82: 23.177378 | AF82: 24.465054 | AG82: 27.685566 | AH82: 28.737001 | AI82: =(AVERAGE(AG82:AH82)-AVERAGE(AE82:AF82)) -> 4.3900681 | AJ82: =AI82-$AG$35 -> -2.3429244 | AK82: =2^-AJ82 -> 5.0732999 | AL82: =LOG(AK82,2) -> 2.3429244 | AO82: Bm 3 7d | AP82: 42 | AQ82: 23.420567 | AR82: 24.463907 | AS82: 25.663143 | AT82: 24.849615 | AU82: =(AVERAGE(AS82:AT82)-AVERAGE(AQ82:AR82)) -> 1.3141422 | AV82: =AU82-$H$55 -> -6.2823626 | AW82: =2^-AV82 -> 77.835836 | AX82: =LOG(AW82,2) -> 6.2823626
B83: C1 3d | C83: 13 | D83: 23.345695 | E83: 22.64711 | F83: 29.661329 | G83: 27.195425 | H83: =(AVERAGE(F83:G83)-AVERAGE(D83:E83)) -> 5.4319744 | I83: =H83-$H$127 -> 1.6861375 | J83: =2^-I83 -> 0.31075779 | N83: C1 3d | O83: 13 | P83: 23.345695 | Q83: 22.64711 | R83: 19.567888 | S83: 19.636452 | T83: =(AVERAGE(R83:S83)-AVERAGE(P83:Q83)) -> -3.3942327 | U83: =T83-$T$127 -> -0.38225842 | V83: =2^-U83 -> 1.3033806 | AC83: C1 3d | AD83: 13 | AE83: 24.701893 | AF83: 22.304712 | AG83: 29.119991 | AH83: 26.842112 | AI83: =(AVERAGE(AG83:AH83)-AVERAGE(AE83:AF83)) -> 4.4777489 | AJ83: =AI83-$AG$36 -> -1.6278439 | AK83: =2^-AJ83 -> 3.0905077 | AL83: =LOG(AK83,2) -> 1.6278439 | AO83: C1 8d | AP83: 43 | AQ83: 25.38619 | AR83: 22.608343 | AS83: 25.981977 | AT83: 24.964626 | AU83: =(AVERAGE(AS83:AT83)-AVERAGE(AQ83:AR83)) -> 1.4760351 | AV83: =AU83-$H$57 -> -6.6056178 | AW83: =2^-AV83 -> 97.384337 | AX83: =LOG(AW83,2) -> 6.6056178
B84: C2 3d | C84: 14 | D84: 22.612711 | E84: 22.57996 | F84: 25.147491 | G84: 26.293026 | H84: =(AVERAGE(F84:G84)-AVERAGE(D84:E84)) -> 3.1239233 | I84: =H84-$H$127 -> -0.62191359 | J84: =2^-I84 -> 1.538915 | N84: C2 3d | O84: 14 | P84: 22.612711 | Q84: 22.57996 | R84: 19.332747 | S84: 19.651995 | T84: =(AVERAGE(R84:S84)-AVERAGE(P84:Q84)) -> -3.1039648 | U84: =T84-$T$127 -> -0.091990471 | V84: =2^-U84 -> 1.0658397 | AC84: C2 3d | AD84: 14 | AE84: 23.136051 | AF84: 23.194328 | AG84: 27.531897 | AH84: 25.885597 | AI84: =(AVERAGE(AG84:AH84)-AVERAGE(AE84:AF84)) -> 3.5435572 | AJ84: =AI84-$AG$36 -> -2.5620356 | AK84: =2^-AJ84 -> 5.9054032 | AL84: =LOG(AK84,2) -> 2.5620356 | AO84: C2 8d | AP84: 44 | AQ84: 24.84553 | AR84: 22.396036 | AS84: 24.728598 | AT84: 24.967602 | AU84: =(AVERAGE(AS84:AT84)-AVERAGE(AQ84:AR84)) -> 1.2273169 | AV84: =AU84-$H$57 -> -6.8543361 | AW84: =2^-AV84 -> 115.7073 | AX84: =LOG(AW84,2) -> 6.8543361
B85: C3 3d | C85: 15 | D85: 22.042751 | E85: 22.206158 | F85: 24.454449 | G85: 25.157686 | H85: =(AVERAGE(F85:G85)-AVERAGE(D85:E85)) -> 2.681613 | I85: =H85-$H$127 -> -1.0642239 | J85: =2^-I85 -> 2.0910447 | N85: C3 3d | O85: 15 | P85: 22.042751 | Q85: 22.206158 | R85: 19.744747 | S85: 19.428711 | T85: =(AVERAGE(R85:S85)-AVERAGE(P85:Q85)) -> -2.5377254 | U85: =T85-$T$127 -> 0.47424889 | V85: =2^-U85 -> 0.71984147 | AC85: C3 3d | AD85: 15 | AE85: 21.450613 | AF85: 22.982784 | AG85: 26.582962 | AH85: 25.924923 | AI85: =(AVERAGE(AG85:AH85)-AVERAGE(AE85:AF85)) -> 4.0372438 | AJ85: =AI85-$AG$36 -> -2.0683489 | AK85: =2^-AJ85 -> 4.194064 | AL85: =LOG(AK85,2) -> 2.0683489 | AO85: C3 8d | AP85: 45 | AQ85: 24.714645 | AR85: 24.681955 | AS85: 24.633226 | AT85: 24.73221 | AU85: =(AVERAGE(AS85:AT85)-AVERAGE(AQ85:AR85)) -> -0.015582085 | AV85: =AU85-$H$57 -> -8.097235 | AW85: =2^-AV85 -> 273.84867 | AX85: =LOG(AW85,2) -> 8.097235
B86: Bm 1 3d | C86: 16 | D86: 21.012499 | E86: 21.45314 | F86: 25.562408 | G86: 25.229315 | H86: =(AVERAGE(F86:G86)-AVERAGE(D86:E86)) -> 4.1630421 | I86: =H86-$H$127 -> 0.41720517 | J86: =2^-I86 -> 0.74887396 | N86: Bm 1 3d | O86: 16 | P86: 21.012499 | Q86: 21.45314 | R86: 18.730783 | S86: 18.329363 | T86: =(AVERAGE(R86:S86)-AVERAGE(P86:Q86)) -> -2.7027464 | U86: =T86-$T$127 -> 0.30922794 | V86: =2^-U86 -> 0.80707355 | AC86: Bm 1 3d | AD86: 16 | AE86: 21.721785 | AF86: 21.585964 | AG86: 25.170755 | AH86: 24.975912 | AI86: =(AVERAGE(AG86:AH86)-AVERAGE(AE86:AF86)) -> 3.4194593 | AJ86: =AI86-$AG$36 -> -2.6861334 | AK86: =2^-AJ86 -> 6.435862 | AL86: =LOG(AK86,2) -> 2.6861334 | AO86: Bm 1 8d | AP86: 46 | AQ86: 23.949364 | AR86: 24.393826 | AS86: 25.820694 | AT86: 25.47747 | AU86: =(AVERAGE(AS86:AT86)-AVERAGE(AQ86:AR86)) -> 1.4774876 | AV86: =AU86-$H$57 -> -6.6041654 | AW86: =2^-AV86 -> 97.286343 | AX86: =LOG(AW86,2) -> 6.6041654
B87: Bm2 3d | C87: 17 | D87: 22.834578 | E87: 22.680689 | F87: 29.693943 | G87: 27.915049 | H87: =(AVERAGE(F87:G87)-AVERAGE(D87:E87)) -> 6.0468626 | I87: =H87-$H$127 -> 2.3010257 | J87: =2^-I87 -> 0.20291878 | N87: Bm2 3d | O87: 17 | P87: 22.834578 | Q87: 22.680689 | R87: 21.182232 | S87: 20.912151 | T87: =(AVERAGE(R87:S87)-AVERAGE(P87:Q87)) -> -1.7104416 | U87: =T87-$T$127 -> 1.3015327 | V87: =2^-U87 -> 0.40569495 | AC87: Bm2 3d | AD87: 17 | AE87: 24.92063 | AF87: 24.463404 | AG87: 27.996984 | AH87: 28.276325 | AI87: =(AVERAGE(AG87:AH87)-AVERAGE(AE87:AF87)) -> 3.4446383 | AJ87: =AI87-$AG$36 -> -2.6609545 | AK87: =2^-AJ87 -> 6.3245134 | AL87: =LOG(AK87,2) -> 2.6609545 | AO87: Bm2 8d | AP87: 47 | AQ87: 25.38065 | AR87: 24.714565 | AS87: 27.391304 | AT87: 26.17873 | AU87: =(AVERAGE(AS87:AT87)-AVERAGE(AQ87:AR87)) -> 1.7374096 | AV87: =AU87-$H$57 -> -6.3442434 | AW87: =2^-AV87 -> 81.247041 | AX87: =LOG(AW87,2) -> 6.3442434
B88: Bm 3 3d | C88: 18 | D88: 23.832172 | E88: 23.386063 | F88: 27.96884 | G88: 28.660032 | H88: =(AVERAGE(F88:G88)-AVERAGE(D88:E88)) -> 4.7053185 | I88: =H88-$H$127 -> 0.95948156 | J88: =2^-I88 -> 0.51424168 | N88: Bm 3 3d | O88: 18 | P88: 23.832172 | Q88: 23.386063 | R88: 20.808403 | S88: 21.487812 | T88: =(AVERAGE(R88:S88)-AVERAGE(P88:Q88)) -> -2.46101 | U88: =T88-$T$127 -> 0.55096436 | V88: =2^-U88 -> 0.68256372 | AC88: Bm 3 3d | AD88: 18 | AE88: 24.734026 | AF88: 23.998566 | AG88: 29.282314 | AH88: 27.616253 | AI88: =(AVERAGE(AG88:AH88)-AVERAGE(AE88:AF88)) -> 4.0829878 | AJ88: =AI88-$AG$36 -> -2.0226049 | AK88: =2^-AJ88 -> 4.0631678 | AL88: =LOG(AK88,2) -> 2.0226049 | AO88: Bm 3 8d | AP88: 48 | AQ88: 24.290848 | AR88: 24.302362 | AS88: 25.398392 | AT88: 25.537737 | AU88: =(AVERAGE(AS88:AT88)-AVERAGE(AQ88:AR88)) -> 1.1714592 | AV88: =AU88-$H$57 -> -6.9101938 | AW88: =2^-AV88 -> 120.27506 | AX88: =LOG(AW88,2) -> 6.9101938
B89: C1 4d | C89: 19 | D89: 23.75663 | E89: 23.712858 | F89: 27.745232 | G89: 26.26825 | H89: =(AVERAGE(F89:G89)-AVERAGE(D89:E89)) -> 3.2719965 | I89: =H89-$H$128 -> 0.20378844 | J89: =2^-I89 -> 0.86826754 | N89: C1 4d R | O89: 19R | P89: 23.75663 | Q89: 23.712858 | R89: 21.42804 | S89: 20.940527 | T89: =(AVERAGE(R89:S89)-AVERAGE(P89:Q89)) -> -2.5504608 | U89: =T89-$T$128 -> -0.19047896 | V89: =2^-U89 -> 1.1411425 | AC89: C1 5d | AD89: 25 | AE89: 22.722635 | AF89: 23.399139 | AG89: 26.526417 | AH89: 26.960852 | AI89: =(AVERAGE(AG89:AH89)-AVERAGE(AE89:AF89)) -> 3.6827469 | AJ89: =AI89-$AG$37 -> -2.4086822 | AK89: =2^-AJ89 -> 5.3098908 | AL89: =LOG(AK89,2) -> 2.4086822 | AO89: C1 9d | AP89: 49 | AQ89: 25.373407 | AR89: 26.233261 | AS89: 24.871077 | AT89: 25.215931 | AU89: =(AVERAGE(AS89:AT89)-AVERAGE(AQ89:AR89)) -> -0.75983047 | AV89: =AU89-$H$58 -> -2.1054004 | AW89: =2^-AV89 -> 4.3031717 | AX89: =LOG(AW89,2) -> 2.1054004
B90: C2 4d | C90: 20 | D90: 23.130978 | E90: 23.688139 | F90: 26.41782 | G90: 26.168133 | H90: =(AVERAGE(F90:G90)-AVERAGE(D90:E90)) -> 2.8834181 | I90: =H90-$H$128 -> -0.18478998 | J90: =2^-I90 -> 1.1366515 | N90: C2 4d R | O90: 20R | P90: 23.130978 | Q90: 23.688139 | R90: 21.311577 | S90: 20.704929 | T90: =(AVERAGE(R90:S90)-AVERAGE(P90:Q90)) -> -2.4013052 | U90: =T90-$T$128 -> -0.041323344 | V90: =2^-U90 -> 1.0290573 | AC90: C2 5d | AD90: 26 | AE90: 23.474012 | AF90: 23.209366 | AG90: 26.34037 | AH90: 26.882698 | AI90: =(AVERAGE(AG90:AH90)-AVERAGE(AE90:AF90)) -> 3.269845 | AJ90: =AI90-$AG$37 -> -2.8215841 | AK90: =2^-AJ90 -> 7.0693818 | AL90: =LOG(AK90,2) -> 2.8215841 | AO90: C2 9d | AP90: 50 | AQ90: 24.160923 | AR90: =AVERAGE(AQ89:AR89) -> 25.803334 | AS90: 25.806185 | AT90: 24.489182 | AU90: =(AVERAGE(AS90:AT90)-AVERAGE(AQ90:AR90)) -> 0.16555452 | AV90: =AU90-$H$58 -> -1.1800154 | AW90: =2^-AV90 -> 2.265792 | AX90: =LOG(AW90,2) -> 1.1800154
B91: C3 4d | C91: 21 | D91: 23.851402 | E91: 23.511002 | F91: 26.379051 | G91: 27.081772 | H91: =(AVERAGE(F91:G91)-AVERAGE(D91:E91)) -> 3.0492096 | I91: =H91-$H$128 -> -0.018998464 | J91: =2^-I91 -> 1.0132558 | N91: C3 4d R | O91: 21R | P91: 23.851402 | Q91: 23.511002 | R91: 21.31085 | S91: 21.795195 | T91: =(AVERAGE(R91:S91)-AVERAGE(P91:Q91)) -> -2.1281796 | U91: =T91-$T$128 -> 0.2318023 | V91: =2^-U91 -> 0.85157039 | AC91: C3 5d | AD91: 27 | AE91: 22.996782 | AF91: 22.667919 | AG91: 26.332502 | AH91: 26.140467 | AI91: =(AVERAGE(AG91:AH91)-AVERAGE(AE91:AF91)) -> 3.4041338 | AJ91: =AI91-$AG$37 -> -2.6872953 | AK91: =2^-AJ91 -> 6.4410473 | AL91: =LOG(AK91,2) -> 2.6872953 | AO91: C3 9d | AP91: 51 | AQ91: 25.945684 | AR91: 24.788311 | AS91: 26.659939 | AT91: 24.92141 | AU91: =(AVERAGE(AS91:AT91)-AVERAGE(AQ91:AR91)) -> 0.42367649 | AV91: =AU91-$H$58 -> -0.92189344 | AW91: =2^-AV91 -> 1.8946002 | AX91: =LOG(AW91,2) -> 0.92189344
B92: Bm 1 4d | C92: 22 | D92: 22.788944 | E92: 23.788052 | F92: 26.722025 | G92: 28.587311 | H92: =(AVERAGE(F92:G92)-AVERAGE(D92:E92)) -> 4.3661699 | I92: =H92-$H$128 -> 1.2979619 | J92: =2^-I92 -> 0.40670035 | N92: Bm 1 4d R | O92: 22R | P92: 22.788944 | Q92: 23.788052 | R92: 20.856464 | S92: 21.362583 | T92: =(AVERAGE(R92:S92)-AVERAGE(P92:Q92)) -> -2.1789742 | U92: =T92-$T$128 -> 0.1810077 | V92: =2^-U92 -> 0.88208666 | AC92: Bm 1 5d | AD92: 28 | AE92: 27.122433 | AF92: 26.84165 | AG92: 28.518456 | AH92: 28.63541 | AI92: =(AVERAGE(AG92:AH92)-AVERAGE(AE92:AF92)) -> 1.5948915 | AJ92: =AI92-$AG$37 -> -4.4965375 | AK92: =2^-AJ92 -> 22.573176 | AL92: =LOG(AK92,2) -> 4.4965375 | AO92: Bm 1 9d | AP92: 52 | AQ92: 25.981358 | AR92: =AVERAGE(AR93:AR94) -> 26.75277 | AS92: 25.4347 | AT92: 25.374287 | AU92: =(AVERAGE(AS92:AT92)-AVERAGE(AQ92:AR92)) -> -0.96257067 | AV92: =AU92-$H$58 -> -2.3081406 | AW92: =2^-AV92 -> 4.9524438 | AX92: =LOG(AW92,2) -> 2.3081406
B93: Bm2 4d | C93: 23 | D93: 22.090874 | E93: 22.186308 | F93: 22.914772 | G93: 25.467049 | H93: =(AVERAGE(F93:G93)-AVERAGE(D93:E93)) -> 2.0523195 | I93: =H93-$H$128 -> -1.0158885 | J93: =2^-I93 -> 2.0221479 | N93: Bm2 4d R | O93: 23R | P93: 22.090874 | Q93: 22.186308 | R93: 17.852877 | S93: 18.348011 | T93: =(AVERAGE(R93:S93)-AVERAGE(P93:Q93)) -> -4.038147 | U93: =T93-$T$128 -> -1.6781651 | V93: =2^-U93 -> 3.2002068 | AC93: Bm2 5d | AD93: 29 | AE93: 23.151888 | AF93: 22.310263 | AG93: 27.76157 | AH93: 27.959574 | AI93: =(AVERAGE(AG93:AH93)-AVERAGE(AE93:AF93)) -> 5.1294966 | AJ93: =AI93-$AG$37 -> -0.9619325 | AK93: =2^-AJ93 -> 1.9479174 | AL93: =LOG(AK93,2) -> 0.9619325 | AO93: Bm2 9d | AP93: 53 | AQ93: 26.068657 | AR93: 26.559715 | AS93: 25.4347 | AU93: =(AVERAGE(AS93:AT93)-AVERAGE(AQ93:AR93)) -> -0.87948608 | AV93: =AU93-$H$58 -> -2.225056 | AW93: =2^-AV93 -> 4.6752905 | AX93: =LOG(AW93,2) -> 2.225056
B94: Bm 3 4d | C94: 24 | D94: 22.689152 | E94: 22.64785 | F94: 24.519018 | G94: 27.597687 | H94: =(AVERAGE(F94:G94)-AVERAGE(D94:E94)) -> 3.3898516 | I94: =H94-$H$128 -> 0.32164351 | J94: =2^-I94 -> 0.80015782 | N94: Bm 3 4d R | O94: 24R | P94: 22.689152 | Q94: 22.64785 | R94: 20.812447 | S94: 20.232615 | T94: =(AVERAGE(R94:S94)-AVERAGE(P94:Q94)) -> -2.1459703 | U94: =T94-$T$128 -> 0.21401151 | V94: =2^-U94 -> 0.86213667 | AC94: Bm 3 5d | AD94: 30 | AE94: 24.104555 | AF94: 24.116198 | AG94: 28.474548 | AH94: 27.829439 | AI94: =(AVERAGE(AG94:AH94)-AVERAGE(AE94:AF94)) -> 4.0416174 | AJ94: =AI94-$AG$37 -> -2.0498117 | AK94: =2^-AJ94 -> 4.1405192 | AL94: =LOG(AK94,2) -> 2.0498117 | AO94: Bm 3 9d | AP94: 54 | AQ94: 26.753529 | AR94: 26.945826 | AS94: 25.4347 | AT94: 23.315838 | AU94: =(AVERAGE(AS94:AT94)-AVERAGE(AQ94:AR94)) -> -2.4744081 | AV94: =AU94-$H$58 -> -3.8199781 | AW94: =2^-AV94 -> 14.123033 | AX94: =LOG(AW94,2) -> 3.8199781
B95: C1 5d | C95: 25 | D95: 22.130222 | E95: 21.650995 | F95: 28.430086 | G95: 28.078693 | H95: =(AVERAGE(F95:G95)-AVERAGE(D95:E95)) -> 6.363781 | I95: =H95-$H$129 -> -0.2620039 | J95: =2^-I95 -> 1.1991432 | N95: C1 5d | O95: 25 | P95: 22.130222 | Q95: 21.650995 | R95: 25.872694 | S95: 25.804256 | T95: =(AVERAGE(R95:S95)-AVERAGE(P95:Q95)) -> 3.9478664 | U95: =T95-$T$129 -> -0.40074603 | V95: =2^-U95 -> 1.3201904 | W95: =LOG(V95,2) -> 0.40074603 | AC95: C1 7d | AD95: 37 | AE95: 24.712626 | AF95: 22.974302 | AG95: 28.712782 | AH95: 28.749775 | AI95: =(AVERAGE(AG95:AH95)-AVERAGE(AE95:AF95)) -> 4.8878145 | AJ95: =AI95-$AG$38 -> -0.81613986 | AK95: =2^-AJ95 -> 1.7606887 | AL95: =LOG(AK95,2) -> 0.81613986
B96: C2 5d | C96: 26 | D96: 21.242998 | E96: 21.288979 | F96: 28.015543 | G96: 27.906311 | H96: =(AVERAGE(F96:G96)-AVERAGE(D96:E96)) -> 6.6949387 | I96: =H96-$H$129 -> 0.069153786 | J96: =2^-I96 -> 0.95319693 | N96: C2 5d | O96: 26 | P96: 21.242998 | Q96: 21.288979 | R96: 24.922926 | S96: 25.479542 | T96: =(AVERAGE(R96:S96)-AVERAGE(P96:Q96)) -> 3.9352455 | U96: =T96-$T$129 -> -0.41336695 | V96: =2^-U96 -> 1.3317903 | W96: =LOG(V96,2) -> 0.41336695 | AC96: C2 7d | AD96: 38 | AE96: 24.994482 | AF96: 23.902042 | AG96: 27.684017 | AH96: 28.156311 | AI96: =(AVERAGE(AG96:AH96)-AVERAGE(AE96:AF96)) -> 3.4719019 | AJ96: =AI96-$AG$38 -> -2.2320525 | AK96: =2^-AJ96 -> 4.6980188 | AL96: =LOG(AK96,2) -> 2.2320525
B97: C3 5d | C97: 27 | D97: 20.672461 | E97: 21.473396 | F97: 27.990288 | G97: 27.792839 | H97: =(AVERAGE(F97:G97)-AVERAGE(D97:E97)) -> 6.818635 | I97: =H97-$H$129 -> 0.19285011 | J97: =2^-I97 -> 0.87487565 | N97: C3 5d | O97: 27 | P97: 20.672461 | Q97: 21.473396 | R97: 26.363192 | S97: 26.108116 | T97: =(AVERAGE(R97:S97)-AVERAGE(P97:Q97)) -> 5.1627254 | U97: =T97-$T$129 -> 0.81411298 | V97: =2^-U97 -> 0.56875807 | W97: =LOG(V97,2) -> -0.81411298 | AC97: C3 7d | AD97: 39 | AE97: 36.971157 | AF97: 36.900169 | AG97: 33.640972 | AH97: 35.948013 | AI97: =(AVERAGE(AG97:AH97)-AVERAGE(AE97:AF97)) -> -2.1411705 | AJ97: =AI97-$AG$38 -> -7.8451249 | AK97: =AVERAGE(AK95:AK96) -> 3.2293537 | AL97: =LOG(AK97,2) -> 1.6912455
B98: Bm 1 5d | C98: 28 | D98: 25.482094 | E98: 25.213163 | F98: 30.052397 | G98: 29.633871 | H98: =(AVERAGE(F98:G98)-AVERAGE(D98:E98)) -> 4.4955053 | I98: =H98-$H$129 -> -2.1302795 | J98: =2^-I98 -> 4.378023 | N98: Bm 1 5d | O98: 28 | P98: 25.482094 | Q98: 25.213163 | R98: 28.3402 | S98: 29.149803 | T98: =(AVERAGE(R98:S98)-AVERAGE(P98:Q98)) -> 3.3973732 | U98: =T98-$T$129 -> -0.95123927 | V98: =2^-U98 -> 1.9335328 | W98: =LOG(V98,2) -> 0.95123927 | AC98: Bm 1 7d | AD98: 40 | AE98: 25.086939 | AF98: 24.758944 | AG98: 29.828554 | AH98: 27.761818 | AI98: =(AVERAGE(AG98:AH98)-AVERAGE(AE98:AF98)) -> 3.8722448 | AJ98: =AI98-$AG$38 -> -1.8317095 | AK98: =2^-AJ98 -> 3.5595862 | AL98: =LOG(AK98,2) -> 1.8317095
B99: Bm2 5d | C99: 29 | D99: 21.397427 | E99: 22.360268 | F99: 27.80266 | G99: 27.112232 | H99: =(AVERAGE(F99:G99)-AVERAGE(D99:E99)) -> 5.578599 | I99: =H99-$H$129 -> -1.0471859 | J99: =2^-I99 -> 2.066495 | N99: Bm2 5d | O99: 29 | P99: 21.397427 | Q99: 22.360268 | R99: 25.755611 | S99: 27.77602 | T99: =(AVERAGE(R99:S99)-AVERAGE(P99:Q99)) -> 4.8869686 | U99: =T99-$T$129 -> 0.53835615 | V99: =2^-U99 -> 0.68855502 | W99: =LOG(V99,2) -> -0.53835615 | AC99: Bm2 7d | AD99: 41 | AE99: 25.350628 | AF99: 25.481234 | AG99: 28.315805 | AH99: 27.887474 | AI99: =(AVERAGE(AG99:AH99)-AVERAGE(AE99:AF99)) -> 2.685709 | AJ99: =AI99-$AG$38 -> -3.0182454 | AK99: =2^-AJ99 -> 8.1018163 | AL99: =LOG(AK99,2) -> 3.0182454 | AT99: 5d | AU99: =AVERAGE(AU77:AU79) -> 0.90608883
B100: Bm 3 5d | C100: 30 | D100: 23.315302 | E100: 23.295767 | F100: =AVERAGE(F98:F99) -> 28.927528 | G100: =AVERAGE(G98:G99) -> 28.373052 | H100: =(AVERAGE(F100:G100)-AVERAGE(D100:E100)) -> 5.3447556 | I100: =H100-$H$129 -> -1.2810292 | J100: =2^-I100 -> 2.4301228 | N100: Bm 3 5d | O100: 30 | P100: 23.315302 | Q100: 23.295767 | R100: 28.626881 | S100: 28.719343 | T100: =(AVERAGE(R100:S100)-AVERAGE(P100:Q100)) -> 5.3675776 | U100: =T100-$T$129 -> 1.0189651 | V100: =2^-U100 -> 0.49347022 | W100: =LOG(V100,2) -> -1.0189651 | AC100: Bm 3 7d | AD100: 42 | AE100: 23.420567 | AF100: 24.463907 | AG100: 27.418608 | AH100: =AVERAGE(AG99:AH99) -> 28.10164 | AI100: =(AVERAGE(AG100:AH100)-AVERAGE(AE100:AF100)) -> 3.8178868 | AJ100: =AI100-$AG$38 -> -1.8860675 | AK100: =2^-AJ100 -> 3.6962634 | AL100: =LOG(AK100,2) -> 1.8860675 | AT100: 7d | AU100: =AVERAGE(AU83:AU85) -> 0.8959233
B101: C1 6d | C101: 31 | D101: 23.186012 | E101: 23.137756 | F101: 29.313189 | G101: 28.990728 | H101: =(AVERAGE(F101:G101)-AVERAGE(D101:E101)) -> 5.9900742 | I101: =H101-$H$130 -> 0.45106125 | J101: =2^-I101 -> 0.73150455 | N101: C1 6d R | O101: 31R | P101: 23.186012 | Q101: 23.137756 | R101: 20.822639 | S101: 20.710474 | T101: =(AVERAGE(R101:S101)-AVERAGE(P101:Q101)) -> -2.3953276 | U101: =T101-$T$130 -> 0.23011176 | V101: =2^-U101 -> 0.85256885 | AC101: C1 9d | AD101: 49 | AE101: 25.373407 | AF101: 26.233261 | AG101: 27.895035 | AH101: 27.141615 | AI101: =(AVERAGE(AG101:AH101)-AVERAGE(AE101:AF101)) -> 1.7149906 | AJ101: =AI101-$AG$39 -> -3.8180943 | AK101: =2^-AJ101 -> 14.104604 | AL101: =LOG(AK101,2) -> 3.8180943 | AT101: 10d | AU101: =AVERAGE(AU89:AU91) -> -0.056866487
B102: C2 6d | C102: 32 | D102: 22.721123 | E102: 22.645586 | G102: 27.835989 | H102: =(AVERAGE(F102:G102)-AVERAGE(D102:E102)) -> 5.1526346 | I102: =H102-$H$130 -> -0.38637829 | J102: =2^-I102 -> 1.3071079 | N102: C2 6d R | O102: 32R | P102: 22.721123 | Q102: 22.645586 | R102: 19.944881 | S102: 19.756725 | T102: =(AVERAGE(R102:S102)-AVERAGE(P102:Q102)) -> -2.832551 | U102: =T102-$T$130 -> -0.20711168 | V102: =2^-U102 -> 1.1543748 | AC102: C2 9d | AD102: 50 | AE102: 24.160923 | AF102: 23.747824 | AG102: 27.482225 | AH102: 27.300201 | AI102: =(AVERAGE(AG102:AH102)-AVERAGE(AE102:AF102)) -> 3.4368401 | AJ102: =AI102-$AG$39 -> -2.0962448 | AK102: =2^-AJ102 -> 4.2759495 | AL102: =LOG(AK102,2) -> 2.0962448
B103: C3 6d | C103: 33 | D103: 23.384022 | E103: 23.311583 | F103: 28.126972 | G103: 29.517292 | H103: =(AVERAGE(F103:G103)-AVERAGE(D103:E103)) -> 5.4743299 | I103: =H103-$H$130 -> -0.064682961 | J103: =2^-I103 -> 1.0458551 | N103: C3 6d R | O103: 33R | P103: 23.384022 | Q103: 23.311583 | R103: 21.453163 | S103: 19.945562 | T103: =(AVERAGE(R103:S103)-AVERAGE(P103:Q103)) -> -2.6484394 | U103: =T103-$T$130 -> -0.023000081 | V103: =2^-U103 -> 1.0160702 | AC103: C3 9d | AD103: 51 | AE103: 25.945684 | AF103: 24.788311 | AG103: 26.816687 | AH103: 26.553165 | AI103: =(AVERAGE(AG103:AH103)-AVERAGE(AE103:AF103)) -> 1.3179283 | AJ103: =AI103-$AG$39 -> -4.2151566 | AK103: =2^-AJ103 -> 18.573278 | AL103: =LOG(AK103,2) -> 4.2151566 | AP103: C | AQ103: Error | AR103: Bm | AS103: Error
B104: Bm 1 6d | C104: 34 | D104: 19.92444 | E104: 20.117538 | F104: 26.632624 | H104: =(AVERAGE(F104:G104)-AVERAGE(D104:E104)) -> 6.6116343 | I104: =H104-$H$130 -> 1.0726213 | J104: =2^-I104 -> 0.47545432 | N104: Bm 1 6d R | O104: 34R | P104: 19.92444 | Q104: 20.117538 | R104: 19.2244 | S104: 19.603775 | T104: =(AVERAGE(R104:S104)-AVERAGE(P104:Q104)) -> -0.60690212 | U104: =T104-$T$130 -> 2.0185372 | V104: =2^-U104 -> 0.2468083 | AC104: Bm 1 9d | AD104: 52 | AE104: 25.981358 | AF104: 23.33732 | AG104: 27.075428 | AH104: 27.21867 | AI104: =(AVERAGE(AG104:AH104)-AVERAGE(AE104:AF104)) -> 2.48771 | AJ104: =AI104-$AG$39 -> -3.0453749 | AK104: =2^-AJ104 -> 8.2556103 | AL104: =LOG(AK104,2) -> 3.0453749 | AO104: 7d | AP104: =AVERAGE(AW77:AW79) -> 133.7037 | AQ104: =_xlfn.STDEV.S(AW77:AW79)/SQRT(3) -> 51.404779 | AR104: =AVERAGE(AW80:AW82) -> 102.81406 | AS104: =_xlfn.STDEV.S(AW80:AW82)/SQRT(3) -> 44.394813
B105: Bm2 6d | C105: 35 | D105: 22.764437 | E105: 22.895998 | F105: 28.197559 | G105: 28.608381 | H105: =(AVERAGE(F105:G105)-AVERAGE(D105:E105)) -> 5.572753 | I105: =H105-$H$130 -> 0.033740044 | J105: =2^-I105 -> 0.97688454 | N105: Bm2 6d R | O105: 35R | P105: 22.764437 | Q105: 22.895998 | R105: 20.783791 | S105: 20.59255 | T105: =(AVERAGE(R105:S105)-AVERAGE(P105:Q105)) -> -2.1420469 | U105: =T105-$T$130 -> 0.4833924 | V105: =2^-U105 -> 0.71529368 | AC105: Bm2 9d | AD105: 53 | AE105: 26.068657 | AF105: 26.559715 | AG105: 26.602541 | AH105: 26.820648 | AI105: =(AVERAGE(AG105:AH105)-AVERAGE(AE105:AF105)) -> 0.39740849 | AJ105: =AI105-$AG$39 -> -5.1356764 | AK105: =2^-AJ105 -> 35.155448 | AL105: =LOG(AK105,2) -> 5.1356764 | AO105: 8d | AP105: =AVERAGE(AW83:AW85) -> 162.31343 | AQ105: =_xlfn.STDEV.S(AW83:AW85)/SQRT(3) -> 56.017895 | AR105: =AVERAGE(AW86:AW88) -> 99.602816 | AS105: =_xlfn.STDEV.S(AW86:AW88)/SQRT(3) -> 11.325799
B106: Bm 3 6d | C106: 36 | D106: 22.755032 | E106: 22.501596 | F106: 26.734798 | G106: 27.995167 | H106: =(AVERAGE(F106:G106)-AVERAGE(D106:E106)) -> 4.7366686 | I106: =H106-$H$130 -> -0.80234432 | J106: =2^-I106 -> 1.7439326 | N106: Bm 3 6d R | O106: 36R | P106: 22.755032 | Q106: 22.501596 | R106: 20.501608 | S106: 20.836742 | T106: =(AVERAGE(R106:S106)-AVERAGE(P106:Q106)) -> -1.9591389 | U106: =T106-$T$130 -> 0.66630046 | V106: =2^-U106 -> 0.63012045 | AC106: Bm 3 9d | AD106: 54 | AE106: 26.753529 | AF106: 26.945826 | AG106: 26.54211 | AH106: 26.607286 | AI106: =(AVERAGE(AG106:AH106)-AVERAGE(AE106:AF106)) -> -0.27497864 | AJ106: =AI106-$AG$39 -> -5.8080635 | AK106: =2^-AJ106 -> 56.027511 | AL106: =LOG(AK106,2) -> 5.8080635 | AO106: 9d | AP106: =AVERAGE(AW89:AW91) -> 2.821188 | AQ106: =_xlfn.STDEV.S(AW89:AW91)/SQRT(3) -> 0.74869947 | AR106: =AVERAGE(AW92:AW94) -> 7.9169225 | AS106: =_xlfn.STDEV.S(AW92:AW94)/SQRT(3) -> 3.1040867
B107: C1 7d | C107: 37 | D107: 23.398689 | E107: 23.143154 | F107: 30.311625 | G107: 30.221291 | H107: =(AVERAGE(F107:G107)-AVERAGE(D107:E107)) -> 6.9955359 | I107: =H107-$H$131 -> 0.6642348 | J107: =2^-I107 -> 0.63102331 | N107: C1 7d | O107: 37 | P107: 23.398689 | Q107: 23.143154 | R107: 27.530617 | S107: 26.812742 | T107: =(AVERAGE(R107:S107)-AVERAGE(P107:Q107)) -> 3.9007578 | U107: =T107-$T$131 -> -1.5071751 | V107: =2^-U107 -> 2.8425291
...

Sheet Genes hoja norm ambos const
D2: UBIQ | F2: EF | H2: LOXD | R2: UBIQ | T2: EF | V2: OPR3 | AF2: UBIQ | AH2: EF | AJ2: ICS
C3: Sample | F3: Housekeeping gene | G3: Housekeeping gene | H3: Gene of interest | I3: Gene of interest | J3: ΔCt(Ct gene interest - Ct housekeeping gene) | K3: ΔΔCt(ΔCt muestra - ΔCt control average) | L3: 2^-(ΔΔCt) | Q3: Sample | R3: Housekeeping gene | V3: Gene of interest | X3: ΔCt(Ct gene interest - Ct housekeeping gene) | Y3: ΔΔCt(ΔCt muestra - ΔCt control average) | Z3: 2^-(ΔΔCt) | AE3: Sample | AF3: Housekeeping gene | AJ3: Gene of interest | AL3: ΔCt(Ct gene interest - Ct housekeeping gene) | AM3: ΔΔCt(ΔCt muestra - ΔCt control average) | AN3: 2^-(ΔΔCt)
B4: C1 2d | C4: 7 | D4: 20.584412 | E4: 20.713362 | F4: 18.562855 | G4: 17.553822 | H4: 28.257273 | I4: 28.309553 | J4: =(AVERAGE(H4:I4)-AVERAGE(D4:G4)) -> 8.9298005 | K4: =J4-$J$53 -> 1.2833219 | L4: =2^-K4 -> 0.41084841 | P4: C1 2d | Q4: 7 | R4: 20.584412 | S4: 20.713362 | T4: 18.562855 | U4: 17.553822 | V4: 19.769684 | W4: 21.700659 | X4: =(AVERAGE(V4:W4)-AVERAGE(R4:U4)) -> 1.3815589 | Y4: =X4-$X$53 -> 0.16522948 | Z4: =2^-Y4 -> 0.89178666 | AD4: C1 1d | AE4: 1 | AF4: 24.554674 | AG4: 23.712543 | AH4: 21.186722 | AI4: 20.250463 | AJ4: 27.545727 | AK4: 28.015465 | AL4: =(AVERAGE(AJ4:AK4)-AVERAGE(AF4:AI4)) -> 5.354495 | AM4: =AL4-$AJ$36 -> -0.039046446 | AN4: =2^-AM4 -> 1.0274345
B5: C2 2d | C5: 8 | D5: 22.17337 | E5: 22.022058 | F5: 17.049051 | G5: 17.679024 | H5: 27.076267 | I5: 26.972845 | J5: =(AVERAGE(H5:I5)-AVERAGE(D5:G5)) -> 7.2936802 | K5: =J5-$J$53 -> -0.35279841 | L5: =2^-K5 -> 1.2770353 | P5: C2 2d | Q5: 8 | R5: 22.17337 | S5: 22.022058 | T5: 17.049051 | U5: 17.679024 | V5: 21.201502 | W5: 20.481644 | X5: =(AVERAGE(V5:W5)-AVERAGE(R5:U5)) -> 1.1106968 | Y5: =X5-$X$53 -> -0.10563262 | Z5: =2^-Y5 -> 1.0759661 | AD5: C2 1d | AE5: 2 | AF5: 23.811571 | AG5: 24.252682 | AH5: 22.72283 | AI5: 22.412008 | AJ5: 29.003445 | AK5: 27.833126 | AL5: =(AVERAGE(AJ5:AK5)-AVERAGE(AF5:AI5)) -> 5.1185126 | AM5: =AL5-$AJ$36 -> -0.27502886 | AN5: =2^-AM5 -> 1.2100183
B6: C3 2d | C6: 9 | D6: 23.045595 | E6: 23.243099 | G6: 18.180506 | I6: 28.205688 | J6: =(AVERAGE(H6:I6)-AVERAGE(D6:G6)) -> 6.7159551 | K6: =J6-$J$53 -> -0.9305235 | L6: =2^-K6 -> 1.9059675 | P6: C3 2d | Q6: 9 | R6: 23.045595 | S6: 23.243099 | T6: 16.207497 | U6: 18.180506 | V6: 21.847816 | W6: 20.803997 | X6: =(AVERAGE(V6:W6)-AVERAGE(R6:U6)) -> 1.1567326 | Y6: =X6-$X$53 -> -0.059596856 | Z6: =2^-Y6 -> 1.0421745 | AD6: C3 1d | AE6: 3 | AF6: 24.243973 | AG6: 24.073687 | AH6: 20.909298 | AI6: 21.094397 | AJ6: 29.036283 | AK6: 27.539627 | AL6: =(AVERAGE(AJ6:AK6)-AVERAGE(AF6:AI6)) -> 5.7076168 | AM6: =AL6-$AJ$36 -> 0.31407531 | AN6: =2^-AM6 -> 0.80436638
B7: Bm 1 2d | C7: 10 | D7: 21.155014 | E7: 21.247477 | F7: 17.392563 | G7: 18.265812 | H7: 25.615421 | I7: 25.747679 | J7: =(AVERAGE(H7:I7)-AVERAGE(D7:G7)) -> 6.1663337 | K7: =J7-$J$53 -> -1.4801449 | L7: =2^-K7 -> 2.7897676 | P7: Bm 1 2d | Q7: 10 | R7: 21.155014 | S7: 21.247477 | T7: 17.392563 | U7: 18.265812 | V7: 19.664381 | W7: 19.619452 | X7: =(AVERAGE(V7:W7)-AVERAGE(R7:U7)) -> 0.12669992 | Y7: =X7-$X$53 -> -1.0896295 | Z7: =2^-Y7 -> 2.1281937 | AD7: Bm 1 1d | AE7: 4 | AF7: 24.691946 | AG7: 23.844992 | AH7: 21.390375 | AI7: 21.524549 | AJ7: 27.416527 | AK7: 27.122839 | AL7: =(AVERAGE(AJ7:AK7)-AVERAGE(AF7:AI7)) -> 4.4067173 | AM7: =AL7-$AJ$36 -> -0.98682419 | AN7: =2^-AM7 -> 1.9818176
B8: Bm2 2d | C8: 11 | D8: 22.501272 | E8: 22.638418 | F8: 18.300673 | H8: 28.114885 | I8: 27.348095 | J8: =(AVERAGE(H8:I8)-AVERAGE(D8:G8)) -> 6.5847025 | K8: =J8-$J$53 -> -1.0617761 | L8: =2^-K8 -> 2.0874999 | P8: Bm2 2d | Q8: 11 | R8: 22.501272 | S8: 22.638418 | T8: 18.300673 | U8: 15.549869 | V8: 20.584335 | W8: 20.793354 | X8: =(AVERAGE(V8:W8)-AVERAGE(R8:U8)) -> 0.9412868 | Y8: =X8-$X$53 -> -0.27504261 | Z8: =2^-Y8 -> 1.2100298 | AD8: Bm2 1d | AE8: 5 | AF8: 24.913391 | AG8: 24.346113 | AH8: 20.659857 | AI8: 20.828537 | AJ8: 28.117567 | AK8: 27.720127 | AL8: =(AVERAGE(AJ8:AK8)-AVERAGE(AF8:AI8)) -> 5.2318726 | AM8: =AL8-$AJ$36 -> -0.16166894 | AN8: =2^-AM8 -> 1.1185804
B9: Bm 3 2d | C9: 12 | D9: 21.447052 | E9: 21.29052 | G9: 18.04763 | H9: 29.92415 | I9: 29.333765 | J9: =(AVERAGE(H9:I9)-AVERAGE(D9:G9)) -> 9.3672237 | K9: =J9-$J$53 -> 1.7207451 | L9: =2^-K9 -> 0.30339198 | P9: Bm 3 2d | Q9: 12 | R9: 21.447052 | S9: 21.29052 | T9: 16.539883 | U9: 18.04763 | V9: 19.513596 | W9: 19.164574 | X9: =(AVERAGE(V9:W9)-AVERAGE(R9:U9)) -> 0.0078134537 | Y9: =X9-$X$53 -> -1.208516 | Z9: =2^-Y9 -> 2.3109979 | AD9: Bm 3 1d | AE9: 6 | AF9: 23.177378 | AG9: 24.465054 | AH9: 20.913986 | AI9: 20.40196 | AJ9: 27.685566 | AK9: 28.737001 | AL9: =(AVERAGE(AJ9:AK9)-AVERAGE(AF9:AI9)) -> 5.9716892 | AM9: =AL9-$AJ$36 -> 0.57814773 | AN9: =2^-AM9 -> 0.66982321
B10: C1 3d | C10: 13 | D10: 23.345695 | E10: 22.64711 | F10: 22.738323 | G10: 21.647028 | I10: 27.195425 | J10: =(AVERAGE(H10:I10)-AVERAGE(D10:G10)) -> 4.6008859 | K10: =J10-$J$54 -> 0.41766135 | L10: =2^-K10 -> 0.7486372 | P10: C1 3d | Q10: 13 | R10: 23.345695 | S10: 22.64711 | T10: 22.738323 | U10: 21.647028 | V10: 19.567888 | W10: 19.636452 | X10: =(AVERAGE(V10:W10)-AVERAGE(R10:U10)) -> -2.9923692 | Y10: =X10-$X$54 -> -0.8287665 | Z10: =2^-Y10 -> 1.7761661 | AD10: C1 3d | AE10: 13 | AF10: 23.345695 | AG10: 22.64711 | AH10: 22.738323 | AI10: 21.647028 | AJ10: 29.119991 | AK10: 26.842112 | AL10: =(AVERAGE(AJ10:AK10)-AVERAGE(AF10:AI10)) -> 5.3865123 | AM10: =AL10-$AJ$37 -> 0.12929122 | AN10: =2^-AM10 -> 0.91428052
B11: C2 3d | C11: 14 | D11: 22.612711 | E11: 22.57996 | F11: 21.063808 | G11: 19.416796 | H11: 25.147491 | I11: 26.293026 | J11: =(AVERAGE(H11:I11)-AVERAGE(D11:G11)) -> 4.30194 | K11: =J11-$J$54 -> 0.11871545 | L11: =2^-K11 -> 0.92100734 | P11: C2 3d | Q11: 14 | R11: 22.612711 | S11: 22.57996 | T11: 21.063808 | U11: 19.416796 | V11: 19.332747 | W11: 19.651995 | X11: =(AVERAGE(V11:W11)-AVERAGE(R11:U11)) -> -1.9259481 | Y11: =X11-$X$54 -> 0.23765453 | Z11: =2^-Y11 -> 0.84812303 | AD11: C2 3d | AE11: 14 | AF11: 22.612711 | AG11: 22.57996 | AH11: 21.063808 | AI11: 19.416796 | AJ11: 27.531897 | AK11: 25.885597 | AL11: =(AVERAGE(AJ11:AK11)-AVERAGE(AF11:AI11)) -> 5.2904282 | AM11: =AL11-$AJ$37 -> 0.033207099 | AN11: =2^-AM11 -> 0.97724547
B12: C3 3d | C12: 15 | D12: 22.042751 | E12: 22.206158 | F12: 20.22966 | G12: 20.15831 | H12: 24.454449 | I12: 25.157686 | J12: =(AVERAGE(H12:I12)-AVERAGE(D12:G12)) -> 3.6468477 | K12: =J12-$J$54 -> -0.53637679 | L12: =2^-K12 -> 1.4503256 | P12: C3 3d | Q12: 15 | R12: 22.042751 | S12: 22.206158 | T12: 20.22966 | U12: 20.15831 | V12: 19.744747 | W12: 19.428711 | X12: =(AVERAGE(V12:W12)-AVERAGE(R12:U12)) -> -1.5724907 | Y12: =X12-$X$54 -> 0.59111198 | Z12: =2^-Y12 -> 0.66383105 | AD12: C3 3d | AE12: 15 | AF12: 22.042751 | AG12: 22.206158 | AH12: 20.22966 | AI12: 20.15831 | AJ12: 26.582962 | AK12: 25.924923 | AL12: =(AVERAGE(AJ12:AK12)-AVERAGE(AF12:AI12)) -> 5.0947227 | AM12: =AL12-$AJ$37 -> -0.16249832 | AN12: =2^-AM12 -> 1.1192236
B13: Bm 1 3d | C13: 16 | D13: 21.012499 | E13: 21.45314 | F13: 18.852619 | G13: 18.145897 | H13: 25.562408 | I13: 25.229315 | J13: =(AVERAGE(H13:I13)-AVERAGE(D13:G13)) -> 5.5298228 | K13: =J13-$J$54 -> 1.3465983 | L13: =2^-K13 -> 0.39321812 | P13: Bm 1 3d | Q13: 16 | R13: 21.012499 | S13: 21.45314 | T13: 18.852619 | U13: 18.145897 | V13: 18.730783 | W13: 18.329363 | X13: =(AVERAGE(V13:W13)-AVERAGE(R13:U13)) -> -1.3359656 | Y13: =X13-$X$54 -> 0.82763704 | Z13: =2^-Y13 -> 0.56345135 | AD13: Bm 1 3d | AE13: 16 | AF13: 21.012499 | AG13: 21.45314 | AH13: 18.852619 | AI13: 18.145897 | AJ13: 25.170755 | AK13: 24.975912 | AL13: =(AVERAGE(AJ13:AK13)-AVERAGE(AF13:AI13)) -> 5.2072949 | AM13: =AL13-$AJ$37 -> -0.049926122 | AN13: =2^-AM13 -> 1.0352119
B14: Bm2 3d | C14: 17 | D14: 22.834578 | E14: 22.680689 | F14: 21.780043 | G14: 20.533335 | H14: 29.693943 | I14: 27.915049 | J14: =(AVERAGE(H14:I14)-AVERAGE(D14:G14)) -> 6.8473349 | K14: =J14-$J$54 -> 2.6641103 | L14: =2^-K14 -> 0.15776944 | P14: Bm2 3d | Q14: 17 | R14: 22.834578 | S14: 22.680689 | T14: 21.780043 | U14: 20.533335 | V14: 21.182232 | W14: 20.912151 | X14: =(AVERAGE(V14:W14)-AVERAGE(R14:U14)) -> -0.90996933 | Y14: =X14-$X$54 -> 1.2536333 | Z14: =2^-Y14 -> 0.41939067 | AD14: Bm2 3d | AE14: 17 | AF14: 22.834578 | AG14: 22.680689 | AH14: 21.780043 | AI14: 20.533335 | AJ14: 27.996984 | AK14: 28.276325 | AL14: =(AVERAGE(AJ14:AK14)-AVERAGE(AF14:AI14)) -> 6.1794939 | AM14: =AL14-$AJ$37 -> 0.92227284 | AN14: =2^-AM14 -> 0.52767706
B15: Bm 3 3d | C15: 18 | D15: 23.832172 | E15: 23.386063 | F15: 22.37434 | G15: 21.154541 | H15: 27.96884 | I15: 28.660032 | J15: =(AVERAGE(H15:I15)-AVERAGE(D15:G15)) -> 5.6276569 | K15: =J15-$J$54 -> 1.4444324 | L15: =2^-K15 -> 0.36743669 | P15: Bm 3 3d | Q15: 18 | R15: 23.832172 | S15: 23.386063 | T15: 22.37434 | U15: 21.154541 | V15: 20.808403 | W15: 21.487812 | X15: =(AVERAGE(V15:W15)-AVERAGE(R15:U15)) -> -1.5386715 | Y15: =X15-$X$54 -> 0.62493118 | Z15: =2^-Y15 -> 0.64845071 | AD15: Bm 3 3d | AE15: 18 | AF15: 23.832172 | AG15: 23.386063 | AH15: 22.37434 | AI15: 21.154541 | AJ15: 29.282314 | AK15: 27.616253 | AL15: =(AVERAGE(AJ15:AK15)-AVERAGE(AF15:AI15)) -> 5.7625046 | AM15: =AL15-$AJ$37 -> 0.50528351 | AN15: =2^-AM15 -> 0.70452191
B16: C1 4d | C16: 19 | D16: 23.75663 | E16: 23.712858 | F16: 17.980774 | G16: 17.505638 | H16: 27.745232 | I16: 26.26825 | J16: =(AVERAGE(H16:I16)-AVERAGE(D16:G16)) -> 6.2677655 | K16: =J16-$J$55 -> 0.63404036 | L16: =2^-K16 -> 0.64436929 | P16: C1 4d | Q16: 19 | R16: 23.75663 | S16: 23.712858 | T16: 17.980774 | U16: 17.505638 | V16: 21.42804 | W16: 20.940527 | X16: =(AVERAGE(V16:W16)-AVERAGE(R16:U16)) -> 0.44530821 | Y16: =X16-$X$55 -> 0.23977296 | Z16: =2^-Y16 -> 0.84687858 | AD16: C1 5d | AE16: 25 | AF16: 22.130222 | AG16: 21.650995 | AH16: 21.003397 | AI16: 20.653542 | AJ16: 26.526417 | AK16: 26.960852 | AL16: =(AVERAGE(AJ16:AK16)-AVERAGE(AF16:AI16)) -> 5.3840952 | AM16: =AL16-$AJ$38 -> -0.2219739 | AN16: =2^-AM16 -> 1.1663283
B17: C2 4d | C17: 20 | D17: 23.130978 | E17: 23.688139 | F17: 19.6371 | G17: 17.468639 | H17: 26.41782 | I17: 26.168133 | J17: =(AVERAGE(H17:I17)-AVERAGE(D17:G17)) -> 5.3117623 | K17: =J17-$J$55 -> -0.32196283 | L17: =2^-K17 -> 1.2500301 | P17: C2 4d | Q17: 20 | R17: 23.130978 | S17: 23.688139 | T17: 19.6371 | U17: 17.468639 | V17: 21.311577 | W17: 20.704929 | X17: =(AVERAGE(V17:W17)-AVERAGE(R17:U17)) -> 0.027039051 | Y17: =X17-$X$55 -> -0.1784962 | Z17: =2^-Y17 -> 1.1317036 | AD17: C2 5d | AE17: 26 | AF17: 21.242998 | AG17: 21.288979 | AH17: 19.556295 | AI17: 20.136721 | AJ17: 26.34037 | AK17: 26.882698 | AL17: =(AVERAGE(AJ17:AK17)-AVERAGE(AF17:AI17)) -> 6.0552859 | AM17: =AL17-$AJ$38 -> 0.44921684 | AN17: =2^-AM17 -> 0.73244034
B18: C3 4d | C18: 21 | D18: 23.851402 | E18: 23.511002 | F18: 19.177872 | G18: 19.09478 | H18: 26.379051 | I18: 27.081772 | J18: =(AVERAGE(H18:I18)-AVERAGE(D18:G18)) -> 5.3216476 | K18: =J18-$J$55 -> -0.31207752 | L18: =2^-K18 -> 1.2414942 | P18: C3 4d | Q18: 21 | R18: 23.851402 | S18: 23.511002 | T18: 19.177872 | U18: 19.09478 | V18: 21.31085 | W18: 21.795195 | X18: =(AVERAGE(V18:W18)-AVERAGE(R18:U18)) -> 0.1442585 | Y18: =X18-$X$55 -> -0.061276754 | Z18: =2^-Y18 -> 1.0433887 | AD18: C3 5d | AE18: 27 | AF18: 20.672461 | AG18: 21.473396 | AH18: 20.998573 | AI18: 20.286203 | AJ18: 26.332502 | AK18: 26.140467 | AL18: =(AVERAGE(AJ18:AK18)-AVERAGE(AF18:AI18)) -> 5.3788261 | AM18: =AL18-$AJ$38 -> -0.22724295 | AN18: =2^-AM18 -> 1.1705958
B19: Bm 1 4d | C19: 22 | D19: 22.788944 | E19: 23.788052 | F19: 16.797829 | G19: 16.11553 | H19: 26.722025 | J19: =(AVERAGE(H19:I19)-AVERAGE(D19:G19)) -> 6.8494363 | K19: =J19-$J$55 -> 1.2157111 | L19: =2^-K19 -> 0.4305608 | P19: Bm 1 4d | Q19: 22 | R19: 22.788944 | S19: 23.788052 | T19: 16.797829 | U19: 16.11553 | V19: 20.856464 | W19: 21.362583 | X19: =(AVERAGE(V19:W19)-AVERAGE(R19:U19)) -> 1.2369351 | Y19: =X19-$X$55 -> 1.0313999 | Z19: =2^-Y19 -> 0.4892352 | AD19: Bm 1 5d | AE19: 28 | AF19: 25.482094 | AG19: 25.213163 | AI19: 22.591633 | AJ19: 28.518456 | AK19: 28.63541 | AL19: =(AVERAGE(AJ19:AK19)-AVERAGE(AF19:AI19)) -> 4.1479696 | AM19: =AL19-$AJ$38 -> -1.4580995 | AN19: =2^-AM19 -> 2.747462
B20: Bm2 4d | C20: 23 | D20: 22.090874 | E20: 22.186308 | F20: 17.172258 | G20: 16.408842 | H20: 22.914772 | I20: 25.467049 | J20: =(AVERAGE(H20:I20)-AVERAGE(D20:G20)) -> 4.7263398 | K20: =J20-$J$55 -> -0.90738535 | L20: =2^-K20 -> 1.8756431 | P20: Bm2 4d | Q20: 23 | R20: 22.090874 | S20: 22.186308 | T20: 17.172258 | U20: 16.408842 | V20: 17.852877 | W20: 18.348011 | X20: =(AVERAGE(V20:W20)-AVERAGE(R20:U20)) -> -1.3641267 | Y20: =X20-$X$55 -> -1.5696619 | Z20: =2^-Y20 -> 2.9683515 | AD20: Bm2 5d | AE20: 29 | AF20: 21.397427 | AG20: 22.360268 | AH20: 19.469219 | AI20: 19.481897 | AJ20: 27.76157 | AK20: 27.959574 | AL20: =(AVERAGE(AJ20:AK20)-AVERAGE(AF20:AI20)) -> 7.1833692 | AM20: =AL20-$AJ$38 -> 1.5773001 | AN20: =2^-AM20 -> 0.33510844
B21: Bm 3 4d | C21: 24 | D21: 22.689152 | E21: 22.64785 | F21: 18.612457 | G21: 18.1621 | H21: 24.519018 | I21: 27.597687 | J21: =(AVERAGE(H21:I21)-AVERAGE(D21:G21)) -> 5.5304627 | K21: =J21-$J$55 -> -0.10326242 | L21: =2^-K21 -> 1.0741998 | P21: Bm 3 4d | Q21: 24 | R21: 22.689152 | S21: 22.64785 | T21: 18.612457 | U21: 18.1621 | V21: 20.812447 | W21: 20.232615 | X21: =(AVERAGE(V21:W21)-AVERAGE(R21:U21)) -> -0.0053591728 | Y21: =X21-$X$55 -> -0.21089443 | Z21: =2^-Y21 -> 1.1574055 | AD21: Bm 3 5d | AE21: 30 | AF21: 23.315302 | AG21: 23.295767 | AH21: 22.262863 | AI21: 21.694347 | AJ21: 28.474548 | AK21: 27.829439 | AL21: =(AVERAGE(AJ21:AK21)-AVERAGE(AF21:AI21)) -> 5.5099239 | AM21: =AL21-$AJ$38 -> -0.096145153 | AN21: =2^-AM21 -> 1.0689135
B22: C1 5d | C22: 25 | D22: 22.130222 | E22: 21.650995 | F22: 21.003397 | G22: 20.653542 | H22: 28.430086 | I22: 28.078693 | J22: =(AVERAGE(H22:I22)-AVERAGE(D22:G22)) -> 6.8948507 | K22: =J22-$J$56 -> -0.21629413 | L22: =2^-K22 -> 1.1617456 | P22: C1 5d | Q22: 25 | R22: 22.130222 | S22: 21.650995 | T22: 21.003397 | U22: 20.653542 | V22: 25.872694 | W22: 25.804256 | X22: =(AVERAGE(V22:W22)-AVERAGE(R22:U22)) -> 4.4789362 | Y22: =X22-$X$56 -> -0.35503626 | Z22: =2^-Y22 -> 1.2790177 | AD22: C1 7d | AE22: 37 | AF22: 23.398689 | AG22: 23.143154 | AI22: 22.087042 | AJ22: 28.712782 | AK22: 28.749775 | AL22: =(AVERAGE(AJ22:AK22)-AVERAGE(AF22:AI22)) -> 5.8549833 | AM22: =AL22-$AJ$39 -> 0.07885562 | AN22: =2^-AM22 -> 0.94680838
B23: C2 5d | C23: 26 | D23: 21.242998 | E23: 21.288979 | F23: 19.556295 | G23: 20.136721 | H23: 28.015543 | I23: 27.906311 | J23: =(AVERAGE(H23:I23)-AVERAGE(D23:G23)) -> 7.4046788 | K23: =J23-$J$56 -> 0.29353396 | L23: =2^-K23 -> 0.81590101 | P23: C2 5d | Q23: 26 | R23: 21.242998 | S23: 21.288979 | T23: 19.556295 | U23: 20.136721 | V23: 24.922926 | W23: 25.479542 | X23: =(AVERAGE(V23:W23)-AVERAGE(R23:U23)) -> 4.6449857 | Y23: =X23-$X$56 -> -0.18898678 | Z23: =2^-Y23 -> 1.1399628 | AD23: C2 7d | AE23: 38 | AF23: 23.209871 | AG23: 23.394863 | AH23: 21.836922 | AJ23: 27.684017 | AK23: 28.156311 | AL23: =(AVERAGE(AJ23:AK23)-AVERAGE(AF23:AI23)) -> 5.1062787 | AM23: =AL23-$AJ$39 -> -0.66984897 | AN23: =2^-AM23 -> 1.5909064
B24: C3 5d | C24: 27 | D24: 20.672461 | E24: 21.473396 | F24: 20.998573 | G24: 20.286203 | H24: 27.990288 | I24: 27.792839 | J24: =(AVERAGE(H24:I24)-AVERAGE(D24:G24)) -> 7.033905 | K24: =J24-$J$56 -> -0.077239831 | L24: =2^-K24 -> 1.0549977 | P24: C3 5d | Q24: 27 | R24: 20.672461 | S24: 21.473396 | T24: 20.998573 | U24: 20.286203 | V24: 26.363192 | W24: 26.108116 | X24: =(AVERAGE(V24:W24)-AVERAGE(R24:U24)) -> 5.3779955 | Y24: =X24-$X$56 -> 0.54402304 | Z24: =2^-Y24 -> 0.68585569 | AD24: C3 7d | AE24: 39 | AF24: =AVERAGE(AF22:AF23) -> 23.30428 | AH24: 31.127039 | AI24: 30.850796 | AJ24: 33.640972 | AK24: 35.948013 | AL24: =(AVERAGE(AJ24:AK24)-AVERAGE(AF24:AI24)) -> 6.3671211 | AM24: =AL24-$AJ$39 -> 0.59099335 | AN24: =AVERAGE(AN22:AN23) -> 1.2688574
B25: Bm 1 5d | C25: 28 | D25: 25.482094 | E25: 25.213163 | G25: 22.591633 | H25: 30.052397 | I25: 29.633871 | J25: =(AVERAGE(H25:I25)-AVERAGE(D25:G25)) -> 5.4141706 | K25: =J25-$J$56 -> -1.6969743 | L25: =2^-K25 -> 3.2422027 | P25: Bm 1 5d | Q25: 28 | R25: 25.482094 | S25: 25.213163 | T25: 24.936951 | U25: 22.591633 | V25: 28.3402 | W25: 29.149803 | X25: =(AVERAGE(V25:W25)-AVERAGE(R25:U25)) -> 4.1890416 | Y25: =X25-$X$56 -> -0.64493084 | Z25: =2^-Y25 -> 1.5636643 | AD25: Bm 1 7d | AE25: 40 | AF25: 24.254467 | AG25: 24.512037 | AH25: 22.484402 | AI25: 22.659548 | AJ25: 29.828554 | AK25: 27.761818 | AL25: =(AVERAGE(AJ25:AK25)-AVERAGE(AF25:AI25)) -> 5.3175726 | AM25: =AL25-$AJ$39 -> -0.45855512 | AN25: =2^-AM25 -> 1.3741649
B26: Bm2 5d | C26: 29 | D26: 21.397427 | E26: 22.360268 | F26: 19.469219 | G26: 19.481897 | H26: 27.80266 | I26: 27.112232 | J26: =(AVERAGE(H26:I26)-AVERAGE(D26:G26)) -> 6.7802434 | K26: =J26-$J$56 -> -0.33090146 | L26: =2^-K26 -> 1.2577991 | P26: Bm2 5d | Q26: 29 | R26: 21.397427 | S26: 22.360268 | T26: 19.469219 | U26: 19.481897 | V26: 25.755611 | W26: 27.77602 | X26: =(AVERAGE(V26:W26)-AVERAGE(R26:U26)) -> 6.088613 | Y26: =X26-$X$56 -> 1.2546406 | Z26: =2^-Y26 -> 0.41909796 | AD26: Bm2 7d | AE26: 41 | AF26: 24.466396 | AG26: 24.136328 | AH26: 22.053213 | AI26: 22.400589 | AJ26: 28.315805 | AK26: 27.887474 | AL26: =(AVERAGE(AJ26:AK26)-AVERAGE(AF26:AI26)) -> 4.8375082 | AM26: =AL26-$AJ$39 -> -0.93861951 | AN26: =2^-AM26 -> 1.9166933
B27: Bm 3 5d | C27: 30 | D27: 23.315302 | E27: 23.295767 | F27: 22.262863 | G27: 21.694347 | H27: =AVERAGE(H25:H26) -> 28.927528 | J27: =(AVERAGE(H27:I27)-AVERAGE(D27:G27)) -> 6.2854586 | K27: =J27-$J$56 -> -0.8256863 | L27: =2^-K27 -> 1.772378 | P27: Bm 3 5d | Q27: 30 | R27: 23.315302 | S27: 23.295767 | T27: 22.262863 | U27: 21.694347 | V27: 28.626881 | W27: 28.719343 | X27: =(AVERAGE(V27:W27)-AVERAGE(R27:U27)) -> 6.0310421 | Y27: =X27-$X$56 -> 1.1970696 | Z27: =2^-Y27 -> 0.4361603 | AD27: Bm 3 7d | AE27: 42 | AF27: 24.173578 | AG27: 24.229919 | AH27: 22.666315 | AI27: 21.813253 | AJ27: 27.418608 | AK27: =AVERAGE(AJ26:AK26) -> 28.10164 | AL27: =(AVERAGE(AJ27:AK27)-AVERAGE(AF27:AI27)) -> 4.5393572 | AM27: =AL27-$AJ$39 -> -1.2367705 | AN27: =2^-AM27 -> 2.3567039
B28: C1 6d | C28: 31 | D28: 23.186012 | E28: 23.137756 | F28: 17.807966 | G28: 17.894079 | H28: 29.313189 | I28: 28.990728 | J28: =(AVERAGE(H28:I28)-AVERAGE(D28:G28)) -> 8.645505 | K28: =J28-$J$57 -> 0.59219265 | L28: =2^-K28 -> 0.66333399 | P28: C1 6d | Q28: 31 | R28: 23.186012 | S28: 23.137756 | T28: 17.807966 | U28: 17.894079 | V28: 20.822639 | W28: 20.710474 | X28: =(AVERAGE(V28:W28)-AVERAGE(R28:U28)) -> 0.26010323 | Y28: =X28-$X$57 -> 0.37124316 | Z28: =2^-Y28 -> 0.77311602 | AD28: C1 9d | AE28: 49 | AF28: 25.075951 | AG28: 25.552391 | AH28: 22.816856 | AI28: 22.344206 | AJ28: 27.895035 | AK28: 27.141615 | AL28: =(AVERAGE(AJ28:AK28)-AVERAGE(AF28:AI28)) -> 3.5709739 | AM28: =AL28-$AJ$40 -> -0.43002653 | AN28: =2^-AM28 -> 1.3472584
B29: C2 6d | C29: 32 | D29: 22.721123 | E29: 22.645586 | F29: 18.269285 | G29: 16.487997 | I29: 27.835989 | J29: =(AVERAGE(H29:I29)-AVERAGE(D29:G29)) -> 7.8049912 | K29: =J29-$J$57 -> -0.24832106 | L29: =2^-K29 -> 1.187824 | P29: C2 6d | Q29: 32 | R29: 22.721123 | S29: 22.645586 | T29: 18.269285 | U29: 16.487997 | V29: 19.944881 | W29: 19.756725 | X29: =(AVERAGE(V29:W29)-AVERAGE(R29:U29)) -> -0.18019438 | Y29: =X29-$X$57 -> -0.069054445 | Z29: =2^-Y29 -> 1.0490289 | AD29: C2 9d | AE29: 50 | AF29: 24.32523 | AG29: 24.426992 | AH29: 20.805058 | AI29: 21.153971 | AJ29: 27.482225 | AK29: 27.300201 | AL29: =(AVERAGE(AJ29:AK29)-AVERAGE(AF29:AI29)) -> 4.7134008 | AM29: =AL29-$AJ$40 -> 0.71240044 | AN29: =2^-AM29 -> 0.61030384
B30: C3 6d | C30: 33 | D30: 23.384022 | E30: 23.311583 | F30: 19.378029 | G30: 18.377132 | H30: 28.126972 | I30: 29.517292 | J30: =(AVERAGE(H30:I30)-AVERAGE(D30:G30)) -> 7.7094407 | K30: =J30-$J$57 -> -0.34387159 | L30: =2^-K30 -> 1.2691579 | P30: C3 6d | Q30: 33 | R30: 23.384022 | S30: 23.311583 | T30: 19.378029 | U30: 18.377132 | V30: 21.453163 | W30: 19.945562 | X30: =(AVERAGE(V30:W30)-AVERAGE(R30:U30)) -> -0.41332865 | Y30: =X30-$X$57 -> -0.30218871 | Z30: =2^-Y30 -> 1.2330136 | AD30: C3 9d | AE30: 51 | AF30: 24.589403 | AG30: 24.405466 | AH30: 21.749001 | AI30: 21.121328 | AJ30: 26.816687 | AK30: 26.553165 | AL30: =(AVERAGE(AJ30:AK30)-AVERAGE(AF30:AI30)) -> 3.7186265 | AM30: =AL30-$AJ$40 -> -0.28237391 | AN30: =2^-AM30 -> 1.2161944
B31: Bm 1 6d | C31: 34 | D31: 19.92444 | E31: 20.117538 | F31: 16.629742 | G31: 14.34235 | H31: 26.632624 | J31: =(AVERAGE(H31:I31)-AVERAGE(D31:G31)) -> 8.879106 | K31: =J31-$J$57 -> 0.82579374 | L31: =2^-K31 -> 0.56417172 | P31: Bm 1 6d | Q31: 34 | R31: 19.92444 | S31: 20.117538 | T31: 16.629742 | U31: 14.34235 | V31: 19.2244 | W31: 19.603775 | X31: =(AVERAGE(V31:W31)-AVERAGE(R31:U31)) -> 1.6605697 | Y31: =X31-$X$57 -> 1.7717096 | Z31: =2^-Y31 -> 0.29286149 | AD31: Bm 1 9d | AE31: 52 | AF31: 25.208462 | AG31: 25.326752 | AH31: 21.73633 | AI31: 21.520866 | AJ31: 27.075428 | AK31: 27.21867 | AL31: =(AVERAGE(AJ31:AK31)-AVERAGE(AF31:AI31)) -> 3.6989465 | AM31: =AL31-$AJ$40 -> -0.30205393 | AN31: =2^-AM31 -> 1.2328984
B32: Bm2 6d | C32: 35 | D32: 22.764437 | E32: 22.895998 | F32: 19.288746 | G32: 18.920383 | H32: 28.197559 | I32: 28.608381 | J32: =(AVERAGE(H32:I32)-AVERAGE(D32:G32)) -> 7.4355793 | K32: =J32-$J$57 -> -0.617733 | L32: =2^-K32 -> 1.5344621 | P32: Bm2 6d | Q32: 35 | R32: 22.764437 | S32: 22.895998 | T32: 19.288746 | U32: 18.920383 | V32: 20.783791 | W32: 20.59255 | X32: =(AVERAGE(V32:W32)-AVERAGE(R32:U32)) -> -0.27922058 | Y32: =X32-$X$57 -> -0.16808065 | Z32: =2^-Y32 -> 1.1235627 | AD32: Bm2 9d | AE32: 53 | AF32: 24.768927 | AG32: 25.014923 | AH32: 21.967373 | AI32: 21.547497 | AJ32: 26.602541 | AK32: 26.820648 | AL32: =(AVERAGE(AJ32:AK32)-AVERAGE(AF32:AI32)) -> 3.3869147 | AM32: =AL32-$AJ$40 -> -0.61408567 | AN32: =2^-AM32 -> 1.5305877
B33: Bm 3 6d | C33: 36 | D33: 22.755032 | E33: 22.501596 | F33: 17.951269 | G33: 15.451588 | H33: 26.734798 | I33: 27.995167 | J33: =(AVERAGE(H33:I33)-AVERAGE(D33:G33)) -> 7.7001114 | K33: =J33-$J$57 -> -0.35320091 | L33: =2^-K33 -> 1.2773916 | P33: Bm 3 6d | Q33: 36 | R33: 22.755032 | S33: 22.501596 | T33: 17.951269 | U33: 15.451588 | V33: 20.501608 | W33: 20.836742 | X33: =(AVERAGE(V33:W33)-AVERAGE(R33:U33)) -> 1.0043039 | Y33: =X33-$X$57 -> 1.1154439 | Z33: =2^-Y33 -> 0.46154913 | AD33: Bm 3 9d | AE33: 54 | AG33: 24.466694 | AH33: 21.499489 | AI33: 22.336283 | AJ33: 26.54211 | AK33: 26.607286 | AL33: =(AVERAGE(AJ33:AK33)-AVERAGE(AF33:AI33)) -> 3.80721 | AM33: =AL33-$AJ$40 -> -0.19379044 | AN33: =2^-AM33 -> 1.1437648
B34: C1 7d | C34: 37 | D34: 23.398689 | E34: 23.143154 | F34: 20.929424 | G34: 22.087042 | H34: 30.311625 | I34: 30.221291 | J34: =(AVERAGE(H34:I34)-AVERAGE(D34:G34)) -> 7.8768802 | K34: =J34-$J$58 -> 0.67040316 | L34: =2^-K34 -> 0.62833107 | P34: C1 7d | Q34: 37 | R34: 23.398689 | S34: 23.143154 | T34: 20.929424 | U34: 22.087042 | V34: 27.530617 | W34: 26.812742 | X34: =(AVERAGE(V34:W34)-AVERAGE(R34:U34)) -> 4.7821021 | Y34: =X34-$X$58 -> 0.6252576 | Z34: =2^-Y34 -> 0.64830401
B35: C2 7d | C35: 38 | D35: 23.209871 | E35: 23.394863 | F35: 21.836922 | G35: =AVERAGE(F34:F35) -> 21.383173 | H35: 28.986437 | I35: 28.925531 | J35: =(AVERAGE(H35:I35)-AVERAGE(D35:G35)) -> 6.4997768 | K35: =J35-$J$58 -> -0.70670017 | L35: =2^-K35 -> 1.6320669 | P35: C2 7d | Q35: 38 | R35: 23.209871 | S35: 23.394863 | T35: 21.836922 | V35: 26.44907 | W35: 25.900293 | X35: =(AVERAGE(V35:W35)-AVERAGE(R35:U35)) -> 3.3607963 | Y35: =X35-$X$58 -> -0.79604822 | Z35: =2^-Y35 -> 1.7363385
B36: C3 7d | C36: 39 | D36: =AVERAGE(D34:D35) -> 23.30428 | F36: =AVERAGE(F34:G34) -> 21.508233 | H36: =AVERAGE(H34:H35) -> 29.649031 | J36: =(AVERAGE(H36:I36)-AVERAGE(D36:G36)) -> 7.242774 | K36: =J36-$J$58 -> 0.036297003 | L36: =2^-K36 -> 0.97515469 | P36: C3 7d | Q36: 39 | R36: =AVERAGE(R34:R35) -> 23.30428 | T36: 31.127039 | U36: 30.850796 | V36: 32.638004 | W36: 32.872009 | X36: =(AVERAGE(V36:W36)-AVERAGE(R36:U36)) -> 4.3276351 | Y36: =X36-$X$58 -> 0.17079062 | Z36: =AVERAGE(Z34:Z35) -> 1.1923212 | AI36: 1d | AJ36: =AVERAGE(AL4:AL6) -> 5.3935415
B37: Bm 1 7d | C37: 40 | D37: 24.254467 | E37: 24.512037 | F37: 22.484402 | G37: 22.659548 | H37: 30.039825 | I37: 30.180965 | J37: =(AVERAGE(H37:I37)-AVERAGE(D37:G37)) -> 6.632782 | K37: =J37-$J$58 -> -0.57369502 | L37: =2^-K37 -> 1.4883306 | P37: Bm 1 7d | Q37: 40 | R37: 24.254467 | S37: 24.512037 | T37: 22.484402 | U37: 22.659548 | V37: 26.208107 | W37: 26.198566 | X37: =(AVERAGE(V37:W37)-AVERAGE(R37:U37)) -> 2.7257233 | Y37: =X37-$X$58 -> -1.4311212 | Z37: =2^-Y37 -> 2.6965621 | AI37: 3d | AJ37: =AVERAGE(AL10:AL12) -> 5.2572211
B38: Bm2 7d | C38: 41 | D38: 24.466396 | E38: 24.136328 | F38: 22.053213 | G38: 22.400589 | H38: 29.964874 | I38: 28.933453 | J38: =(AVERAGE(H38:I38)-AVERAGE(D38:G38)) -> 6.1850319 | K38: =J38-$J$58 -> -1.0214451 | L38: =2^-K38 -> 2.0299513 | P38: Bm2 7d | Q38: 41 | R38: 24.466396 | S38: 24.136328 | T38: 22.053213 | U38: 22.400589 | V38: 28.036987 | W38: 27.172014 | X38: =(AVERAGE(V38:W38)-AVERAGE(R38:U38)) -> 4.3403692 | Y38: =X38-$X$58 -> 0.18352471 | Z38: =2^-Y38 -> 0.88054906 | AI38: 5d | AJ38: =AVERAGE(AL16:AL18) -> 5.6060691
B39: Bm 3 7d | C39: 42 | D39: 24.173578 | E39: 24.229919 | F39: 22.666315 | G39: 21.813253 | H39: =AVERAGE(I37:I38) -> 29.557209 | J39: =(AVERAGE(H39:I39)-AVERAGE(D39:G39)) -> 6.3364425 | K39: =J39-$J$58 -> -0.87003454 | L39: =2^-K39 -> 1.8277067 | P39: Bm 3 7d | Q39: 42 | R39: 24.173578 | S39: 24.229919 | T39: 22.666315 | U39: 21.813253 | V39: 24.569788 | W39: 24.791063 | X39: =(AVERAGE(V39:W39)-AVERAGE(R39:U39)) -> 1.4596591 | Y39: =X39-$X$58 -> -2.6971854 | Z39: =2^-Y39 -> 6.4853544 | AI39: 7d | AJ39: =AVERAGE(AL22:AL24) -> 5.7761277
B40: C1 8d | C40: 43 | D40: 24.43059 | E40: 24.573454 | F40: 21.28845 | G40: 21.822668 | H40: 22.864216 | I40: 22.431517 | J40: =(AVERAGE(H40:I40)-AVERAGE(D40:G40)) -> -0.38092422 | K40: =J40-$J$59 -> -0.41922537 | L40: =2^-K40 -> 1.3372094 | P40: C1 8d | Q40: 43 | R40: 24.43059 | S40: 24.573454 | T40: 21.28845 | U40: 21.822668 | V40: 26.138163 | W40: 25.741388 | X40: =(AVERAGE(V40:W40)-AVERAGE(R40:U40)) -> 2.910985 | Y40: =X40-$X$59 -> -0.57779344 | Z40: =2^-Y40 -> 1.4925647 | AI40: 9d | AJ40: =AVERAGE(AL28:AL30) -> 4.0010004
B41: C2 8d | C41: 44 | D41: 23.017653 | E41: 23.041599 | F41: 20.931124 | G41: 20.001276 | H41: 21.227573 | I41: 21.417307 | J41: =(AVERAGE(H41:I41)-AVERAGE(D41:G41)) -> -0.42547274 | K41: =J41-$J$59 -> -0.46377389 | L41: =2^-K41 -> 1.3791448 | P41: C2 8d | Q41: 44 | R41: 23.017653 | S41: 23.041599 | T41: 20.931124 | U41: 20.001276 | V41: 26.622063 | W41: 24.979567 | X41: =(AVERAGE(V41:W41)-AVERAGE(R41:U41)) -> 4.0529017 | Y41: =X41-$X$59 -> 0.56412331 | Z41: =2^-Y41 -> 0.6763663 | AE41: C | AF41: Error | AG41: Bm | AH41: Error
B42: C3 8d | C42: 45 | D42: 24.347553 | E42: 24.153711 | F42: 21.440744 | G42: 22.393072 | H42: 24.081638 | I42: 23.928503 | J42: =(AVERAGE(H42:I42)-AVERAGE(D42:G42)) -> 0.92130041 | K42: =J42-$J$59 -> 0.88299926 | L42: =2^-K42 -> 0.54223898 | P42: C3 8d | Q42: 45 | R42: 24.347553 | S42: 24.153711 | T42: 21.440744 | U42: 22.393072 | V42: 27.236717 | W42: 25.93572 | X42: =(AVERAGE(V42:W42)-AVERAGE(R42:U42)) -> 3.5024486 | Y42: =X42-$X$59 -> 0.013670127 | Z42: =2^-Y42 -> 0.99056934 | AD42: 1d | AE42: =AVERAGE(AN4:AN6) -> 1.0139397 | AF42: =_xlfn.STDEV.S(AN4:AN6)/SQRT(3) -> 0.11729585 | AG42: =AVERAGE(AN7:AN9) -> 1.2567404 | AH42: =_xlfn.STDEV.S(AN7:AN9)/SQRT(3) -> 0.38498851
B43: Bm 1 8d | C43: 46 | D43: 24.04878 | E43: 23.944891 | F43: 21.8265 | G43: 21.449644 | H43: 23.411545 | I43: 22.81064 | J43: =(AVERAGE(H43:I43)-AVERAGE(D43:G43)) -> 0.29363871 | K43: =J43-$J$59 -> 0.25533756 | L43: =2^-K43 -> 0.83779109 | P43: Bm 1 8d | Q43: 46 | R43: 24.04878 | S43: 23.944891 | T43: 21.8265 | U43: 21.449644 | V43: 27.772562 | W43: 27.078871 | X43: =(AVERAGE(V43:W43)-AVERAGE(R43:U43)) -> 4.6082625 | Y43: =X43-$X$59 -> 1.1194841 | Z43: =2^-Y43 -> 0.46025838 | AD43: 3d | AE43: =AVERAGE(AN10:AN12) -> 1.0035832 | AF43: =_xlfn.STDEV.S(AN10:AN12)/SQRT(3) -> 0.060609889 | AG43: =AVERAGE(AN13:AN15) -> 0.75580363 | AH43: =_xlfn.STDEV.S(AN13:AN15)/SQRT(3) -> 0.14873945
B44: Bm2 8d | C44: 47 | D44: 24.922678 | E44: 24.461531 | F44: 20.932346 | G44: 21.078363 | H44: 23.516291 | I44: 23.918486 | J44: =(AVERAGE(H44:I44)-AVERAGE(D44:G44)) -> 0.86865854 | K44: =J44-$J$59 -> 0.83035739 | L44: =2^-K44 -> 0.56238991 | P44: Bm2 8d | Q44: 47 | R44: 24.922678 | S44: 24.461531 | T44: 20.932346 | U44: 21.078363 | V44: 27.037506 | W44: 26.586056 | X44: =(AVERAGE(V44:W44)-AVERAGE(R44:U44)) -> 3.9630513 | Y44: =X44-$X$59 -> 0.47427289 | Z44: =2^-Y44 -> 0.71982949 | AD44: 5d | AE44: =AVERAGE(AN16:AN18) -> 1.0231215 | AF44: =_xlfn.STDEV.S(AN16:AN18)/SQRT(3) -> 0.14534578 | AG44: =AVERAGE(AN19:AN21) -> 1.383828 | AH44: =_xlfn.STDEV.S(AN19:AN21)/SQRT(3) -> 0.71396563
B45: Bm 3 8d | C45: 48 | D45: 23.295033 | E45: 23.394072 | F45: 20.473497 | G45: 20.24229 | H45: 21.872303 | I45: 22.43129 | J45: =(AVERAGE(H45:I45)-AVERAGE(D45:G45)) -> 0.30057335 | K45: =J45-$J$59 -> 0.2622722 | L45: =2^-K45 -> 0.83377372 | P45: Bm 3 8d | Q45: 48 | R45: 23.295033 | S45: 23.394072 | T45: 20.473497 | U45: 20.24229 | V45: 25.613558 | W45: 25.707857 | X45: =(AVERAGE(V45:W45)-AVERAGE(R45:U45)) -> 3.8094845 | Y45: =X45-$X$59 -> 0.32070605 | Z45: =2^-Y45 -> 0.80067793 | AD45: 7d | AE45: =AVERAGE(AN22:AN24) -> 1.2688574 | AF45: =_xlfn.STDEV.S(AN22:AN24)/SQRT(3) -> 0.18593509 | AG45: =AVERAGE(AN25:AN27) -> 1.8825207 | AH45: =_xlfn.STDEV.S(AN25:AN27)/SQRT(3) -> 0.28414877
B46: C1 9d | C46: 49 | D46: 25.075951 | E46: 25.552391 | F46: 22.816856 | G46: 22.344206 | H46: 23.89052 | I46: 23.609438 | J46: =(AVERAGE(H46:I46)-AVERAGE(D46:G46)) -> -0.19737196 | K46: =J46-$J$60 -> -0.40677913 | L46: =2^-K46 -> 1.3257228 | P46: C1 9d | Q46: 49 | R46: 25.075951 | S46: 25.552391 | T46: 22.816856 | U46: 22.344206 | V46: 25.998386 | W46: 26.751369 | X46: =(AVERAGE(V46:W46)-AVERAGE(R46:U46)) -> 2.427527 | Y46: =X46-$X$60 -> -0.97329632 | Z46: =2^-Y46 -> 1.9633213 | AD46: 9d | AE46: =AVERAGE(AN28:AN30) -> 1.0579189 | AF46: =_xlfn.STDEV.S(AN28:AN30)/SQRT(3) -> 0.22698301 | AG46: =AVERAGE(AN31:AN33) -> 1.302417 | AH46: =_xlfn.STDEV.S(AN31:AN33)/SQRT(3) -> 0.11695099
B47: C2 9d | C47: 50 | D47: 24.32523 | E47: 24.426992 | F47: 20.805058 | G47: 21.153971 | H47: 23.312969 | I47: 23.697706 | J47: =(AVERAGE(H47:I47)-AVERAGE(D47:G47)) -> 0.82752514 | K47: =J47-$J$60 -> 0.61811797 | L47: =2^-K47 -> 0.6515203 | P47: C2 9d | Q47: 50 | R47: 24.32523 | S47: 24.426992 | T47: 20.805058 | U47: 21.153971 | V47: 26.885889 | W47: 25.975866 | X47: =(AVERAGE(V47:W47)-AVERAGE(R47:U47)) -> 3.7530651 | Y47: =X47-$X$60 -> 0.35224183 | Z47: =2^-Y47 -> 0.78336586
B48: C3 9d | C48: 51 | D48: 24.589403 | E48: 24.405466 | F48: 21.749001 | G48: 21.121328 | H48: 22.911785 | I48: 23.016951 | J48: =(AVERAGE(H48:I48)-AVERAGE(D48:G48)) -> -0.0019316673 | K48: =J48-$J$60 -> -0.21133884 | L48: =2^-K48 -> 1.1577621 | P48: C3 9d | Q48: 51 | R48: 24.589403 | S48: 24.405466 | T48: 21.749001 | U48: 21.121328 | V48: 27.027044 | W48: 26.94931 | X48: =(AVERAGE(V48:W48)-AVERAGE(R48:U48)) -> 4.0218778 | Y48: =X48-$X$60 -> 0.62105449 | Z48: =2^-Y48 -> 0.65019552
B49: Bm 1 9d | C49: 52 | D49: 25.208462 | E49: 25.326752 | F49: 21.73633 | G49: 21.520866 | H49: 24.348721 | I49: 24.603399 | J49: =(AVERAGE(H49:I49)-AVERAGE(D49:G49)) -> 1.0279574 | K49: =J49-$J$60 -> 0.81855027 | L49: =2^-K49 -> 0.56701143 | P49: Bm 1 9d | Q49: 52 | R49: 25.208462 | S49: 25.326752 | T49: 21.73633 | U49: 21.520866 | V49: 26.449821 | W49: 26.935835 | X49: =(AVERAGE(V49:W49)-AVERAGE(R49:U49)) -> 3.2447257 | Y49: =X49-$X$60 -> -0.15609757 | Z49: =2^-Y49 -> 1.114269
B50: Bm2 9d | C50: 53 | D50: 24.768927 | E50: 25.014923 | F50: 21.967373 | G50: 21.547497 | H50: 23.168129 | I50: 23.550488 | J50: =(AVERAGE(H50:I50)-AVERAGE(D50:G50)) -> 0.034628391 | K50: =J50-$J$60 -> -0.17477878 | L50: =2^-K50 -> 1.1287913 | P50: Bm2 9d | Q50: 53 | R50: 24.768927 | S50: 25.014923 | T50: 21.967373 | U50: 21.547497 | V50: 26.66634 | W50: 26.411585 | X50: =(AVERAGE(V50:W50)-AVERAGE(R50:U50)) -> 3.2142825 | Y50: =X50-$X$60 -> -0.18654076 | Z50: =2^-Y50 -> 1.1380317
B51: Bm 3 9d | C51: 54 | E51: 24.466694 | F51: 21.499489 | G51: 22.336283 | H51: 21.800167 | I51: 21.980473 | J51: =(AVERAGE(H51:I51)-AVERAGE(D51:G51)) -> -0.87716866 | K51: =J51-$J$60 -> -1.0865758 | L51: =2^-K51 -> 2.1236939 | P51: Bm 3 9d | Q51: 54 | S51: 24.466694 | T51: 21.499489 | U51: 22.336283 | V51: 25.973711 | W51: 25.410908 | X51: =(AVERAGE(V51:W51)-AVERAGE(R51:U51)) -> 2.9248209 | Y51: =X51-$X$60 -> -0.47600238 | Z51: =2^-Y51 -> 1.3908843
I53: 2d | J53: =AVERAGE(J4:J6) -> 7.6464786 | W53: 2d | X53: =AVERAGE(X4:X6) -> 1.2163294
I54: 3d | J54: =AVERAGE(J10:J12) -> 4.1832245 | W54: 3d | X54: =AVERAGE(X10:X12) -> -2.1636027
I55: 4d | J55: =AVERAGE(J16:J18) -> 5.6337252 | W55: 4d | X55: =AVERAGE(X16:X18) -> 0.20553525
I56: 5d | J56: =AVERAGE(J22:J24) -> 7.1111449 | W56: 5d | X56: =AVERAGE(X22:X24) -> 4.8339725
I57: 6d | J57: =AVERAGE(J28:J30) -> 8.0533123 | W57: 6d | X57: =AVERAGE(X28:X30) -> -0.11113993
I58: 7d | J58: =AVERAGE(J34:J36) -> 7.206477 | W58: 7d | X58: =AVERAGE(X34:X36) -> 4.1568445
I59: 8d | J59: =AVERAGE(J40:J42) -> 0.03830115 | W59: 8d | X59: =AVERAGE(X40:X42) -> 3.4887784
I60: 9d | J60: =AVERAGE(J46:J48) -> 0.20940717 | W60: 9d | X60: =AVERAGE(X46:X48) -> 3.4008233
C62: C | D62: Error | E62: Bm | F62: Error | Q62: C | R62: Error | S62: Bm | T62: Error
B63: 2d | C63: =AVERAGE(L4:L6) -> 1.1979504 | D63: =_xlfn.STDEV.S(L4:L6)/SQRT(3) -> 0.4334113 | E63: =AVERAGE(L7:L9) -> 1.7268865 | F63: =_xlfn.STDEV.S(L7:L9)/SQRT(3) -> 0.74005572 | P63: 2d | Q63: =AVERAGE(Z4:Z6) -> 1.0033091 | R63: =_xlfn.STDEV.S(Z4:Z6)/SQRT(3) -> 0.056608029 | S63: =AVERAGE(Z7:Z9) -> 1.8830738 | T63: =_xlfn.STDEV.S(Z7:Z9)/SQRT(3) -> 0.34063446
B64: 3d | C64: =AVERAGE(L10:L12) -> 1.03999 | D64: =_xlfn.STDEV.S(L10:L12)/SQRT(3) -> 0.21111553 | E64: =AVERAGE(L13:L15) -> 0.30614141 | F64: =_xlfn.STDEV.S(L13:L15)/SQRT(3) -> 0.074558373 | P64: 3d | Q64: =AVERAGE(Z10:Z12) -> 1.0960401 | R64: =_xlfn.STDEV.S(Z10:Z12)/SQRT(3) -> 0.34419929 | S64: =AVERAGE(Z13:Z15) -> 0.54376424 | T64: =_xlfn.STDEV.S(Z13:Z15)/SQRT(3) -> 0.066852606
B65: 4d | C65: =AVERAGE(L16:L18) -> 1.0452979 | D65: =_xlfn.STDEV.S(L16:L18)/SQRT(3) -> 0.20047943 | E65: =AVERAGE(L19:L21) -> 1.1268013 | F65: =_xlfn.STDEV.S(L19:L21)/SQRT(3) -> 0.4179876 | P65: 4d | Q65: =AVERAGE(Z16:Z18) -> 1.0073236 | R65: =_xlfn.STDEV.S(Z16:Z18)/SQRT(3) -> 0.084176096 | S65: =AVERAGE(Z19:Z21) -> 1.5383307 | T65: =_xlfn.STDEV.S(Z19:Z21)/SQRT(3) -> 0.74057014
B66: 5d | C66: =AVERAGE(L22:L24) -> 1.0108814 | D66: =_xlfn.STDEV.S(L22:L24)/SQRT(3) -> 0.10224447 | E66: =AVERAGE(L25:L27) -> 2.0907932 | F66: =_xlfn.STDEV.S(L25:L27)/SQRT(3) -> 0.59456024 | P66: 5d | Q66: =AVERAGE(Z22:Z24) -> 1.0349454 | R66: =_xlfn.STDEV.S(Z22:Z24)/SQRT(3) -> 0.17910127 | S66: =AVERAGE(Z25:Z27) -> 0.80630753 | T66: =_xlfn.STDEV.S(Z25:Z27)/SQRT(3) -> 0.37871043
B67: 6d | C67: =AVERAGE(L28:L30) -> 1.0401053 | D67: =_xlfn.STDEV.S(L28:L30)/SQRT(3) -> 0.18984315 | E67: =AVERAGE(L28:L30) -> 1.0401053 | F67: =_xlfn.STDEV.S(L31:L33)/SQRT(3) -> 0.29023279 | P67: 6d | Q67: =AVERAGE(Z28:Z30) -> 1.0183862 | R67: =_xlfn.STDEV.S(Z28:Z30)/SQRT(3) -> 0.13364216 | S67: =AVERAGE(Z28:Z30) -> 1.0183862 | T67: =_xlfn.STDEV.S(Z31:Z33)/SQRT(3) -> 0.25350674
B68: 7d | C68: =AVERAGE(L34:L36) -> 1.0785175 | D68: =_xlfn.STDEV.S(L34:L36)/SQRT(3) -> 0.29432652 | E68: =AVERAGE(L37:L39) -> 1.7819962 | F68: =_xlfn.STDEV.S(L37:L39)/SQRT(3) -> 0.15801406 | P68: 7d | Q68: =AVERAGE(Z34:Z36) -> 1.1923212 | R68: =_xlfn.STDEV.S(Z34:Z36)/SQRT(3) -> 0.3140885 | S68: =AVERAGE(Z37:Z39) -> 3.3541552 | T68: =_xlfn.STDEV.S(Z37:Z39)/SQRT(3) -> 1.6510383
B69: 8d | C69: =AVERAGE(L40:L42) -> 1.0861977 | D69: =_xlfn.STDEV.S(L40:L42)/SQRT(3) -> 0.27224864 | E69: =AVERAGE(L43:L45) -> 0.74465157 | F69: =_xlfn.STDEV.S(L43:L45)/SQRT(3) -> 0.091138211 | P69: 8d | Q69: =AVERAGE(Z40:Z42) -> 1.0531668 | R69: =_xlfn.STDEV.S(Z40:Z42)/SQRT(3) -> 0.23768591 | S69: =AVERAGE(Z43:Z45) -> 0.66025527 | T69: =_xlfn.STDEV.S(Z43:Z45)/SQRT(3) -> 0.1026859
B70: 9d | C70: =AVERAGE(L46:L48) -> 1.0450017 | D70: =_xlfn.STDEV.S(L46:L48)/SQRT(3) -> 0.20262726 | E70: =AVERAGE(L49:L51) -> 1.2731655 | F70: =_xlfn.STDEV.S(L49:L51)/SQRT(3) -> 0.45513661 | P70: 9d | Q70: =AVERAGE(Z46:Z48) -> 1.1322942 | R70: =_xlfn.STDEV.S(Z46:Z48)/SQRT(3) -> 0.41728812 | S70: =AVERAGE(Z46:Z48) -> 1.1322942 | T70: =_xlfn.STDEV.S(Z46:Z48)/SQRT(3) -> 0.41728812

Sheet Genes RAIZ
E1: EF | G1: LOXD | Q1: EF | S1: OPR3 | AF1: EF | AG1: ICS | AS1: EF | AU1: MYC2
C2: Sample | E2: Housekeeping gene | F2: Gene of interest | G2: Gene of interest | H2: ΔCt(Ct gene interest - Ct housekeeping gene) | I2: ΔΔCt(ΔCt muestra - ΔCt control average) | J2: 2^-(ΔΔCt) | K2: log | O2: Sample | Q2: Housekeeping gene | S2: Gene of interest | T2: ΔCt(Ct gene interest - Ct housekeeping gene) | U2: ΔΔCt(ΔCt muestra - ΔCt control average) | V2: 2^-(ΔΔCt) | W2: log | AD2: Sample | AE2: Housekeeping gene | AF2: Housekeeping gene | AG2: Gene of interest | AH2: Gene of interest | AI2: ΔCt(Ct gene interest - Ct housekeeping gene) | AJ2: ΔΔCt(ΔCt muestra - ΔCt control average) | AK2: 2^-(ΔΔCt) | AL2: log | AQ2: Sample | AR2: Housekeeping gene | AS2: Housekeeping gene | AT2: Gene of interest | AU2: Gene of interest | AV2: ΔCt(Ct gene interest - Ct housekeeping gene) | AW2: ΔΔCt(ΔCt muestra - ΔCt control average) | AX2: 2^-(ΔΔCt) | AY2: log
B3: C1 3d | C3: 13 | D3: 23.071939 | E3: 22.264887 | F3: 23.373026 | G3: 23.521111 | H3: =(AVERAGE(F3:G3)-AVERAGE(D3:E3)) -> 0.77865505 | I3: =H3-$H$41 -> -0.62745794 | J3: =2^-I3 -> 1.5448405 | N3: C1 3d | O3: 13 | P3: 23.071939 | Q3: 22.264887 | R3: 19.613838 | S3: 19.181236 | T3: =(AVERAGE(R3:S3)-AVERAGE(P3:Q3)) -> -3.2708759 | U3: =T3-$T$47 -> -0.74968688 | V3: =2^-U3 -> 1.6814279 | AC3: C1 1d | AD3: 1 | AE3: =AVERAGE(AE4:AE5) -> 24.916069 | AF3: =AVERAGE(AF4:AF5) -> 24.364873 | AG3: 29.597382 | AH3: 28.577679 | AI3: =(AVERAGE(AG3:AH3)-AVERAGE(AE3:AF3)) -> 4.4470592 | AJ3: =AI3-$AG$35 -> 0.86470668 | AK3: =2^-AJ3 -> 0.54915805 | AL3: =LOG(AK3,2) -> -0.86470668 | AP3: C1 7d | AQ3: 37 | AR3: =AVERAGE(AS3:AS4) -> 22.803472 | AS3: 23.64431 | AT3: 26.918276 | AU3: 26.943851 | AV3: =(AVERAGE(AT3:AU3)-AVERAGE(AR3:AS3)) -> 3.7071729 | AW3: =AV3-$H$25 -> 3.5554366 | AX3: =2^-AW3 -> 0.085056387 | AY3: =LOG(AX3,2) -> -3.5554366
B4: C2 3d | C4: 14 | D4: =AVERAGE(D3:E3) -> 22.668413 | E4: 24.496122 | F4: 26.72093 | G4: 24.680517 | H4: =(AVERAGE(F4:G4)-AVERAGE(D4:E4)) -> 2.1184559 | I4: =H4-$H$41 -> 0.7123429 | J4: =2^-I4 -> 0.61032818 | N4: C2 3d | O4: 14 | P4: =AVERAGE(P3:Q3) -> 22.668413 | Q4: 24.496122 | R4: 21.626814 | S4: 20.894907 | T4: =(AVERAGE(R4:S4)-AVERAGE(P4:Q4)) -> -2.3214073 | U4: =T4-$T$47 -> 0.19978174 | V4: =2^-U4 -> 0.87068228 | AC4: C2 1d | AD4: 2 | AE4: 25.264202 | AF4: 24.607384 | AG4: 28.978958 | AH4: 27.349375 | AI4: =(AVERAGE(AG4:AH4)-AVERAGE(AE4:AF4)) -> 3.2283735 | AJ4: =AI4-$AG$35 -> -0.35397895 | AK4: =2^-AJ4 -> 1.2780807 | AL4: =LOG(AK4,2) -> 0.35397895 | AP4: C2 7d | AQ4: 38 | AR4: 22.447786 | AS4: 21.962633 | AT4: 24.149679 | AU4: 24.083376 | AV4: =(AVERAGE(AT4:AU4)-AVERAGE(AR4:AS4)) -> 1.9113178 | AW4: =AV4-$H$25 -> 1.7595816 | AX4: =2^-AW4 -> 0.29533381 | AY4: =LOG(AX4,2) -> -1.7595816
B5: C3 3d | C5: 15 | D5: 21.682108 | E5: 21.740229 | F5: 23.224051 | G5: 22.840742 | H5: =(AVERAGE(F5:G5)-AVERAGE(D5:E5)) -> 1.321228 | I5: =H5-$H$41 -> -0.084884961 | J5: =2^-I5 -> 1.0606032 | N5: C3 3d | O5: 15 | P5: 21.682108 | Q5: 21.740229 | R5: 19.684675 | S5: 19.795094 | T5: =(AVERAGE(R5:S5)-AVERAGE(P5:Q5)) -> -1.9712839 | U5: =T5-$T$47 -> 0.54990514 | V5: =2^-U5 -> 0.68306504 | AC5: C3 1d | AD5: 3 | AE5: 24.567936 | AF5: 24.122362 | AG5: 26.972912 | AH5: 27.860636 | AI5: =(AVERAGE(AG5:AH5)-AVERAGE(AE5:AF5)) -> 3.0716248 | AJ5: =AI5-$AG$35 -> -0.51072772 | AK5: =2^-AJ5 -> 1.4247687 | AL5: =LOG(AK5,2) -> 0.51072772 | AP5: C3 7d | AQ5: 39 | AR5: 20.822649 | AS5: 20.741495 | AT5: 24.111958 | AU5: 24.16404 | AV5: =(AVERAGE(AT5:AU5)-AVERAGE(AR5:AS5)) -> 3.3559265 | AW5: =AV5-$H$25 -> 3.2041903 | AX5: =2^-AW5 -> 0.10850322 | AY5: =LOG(AX5,2) -> -3.2041903
B6: Bm 1 3d | C6: 16 | D6: 22.851814 | E6: 22.629089 | F6: 26.621056 | G6: 26.460815 | H6: =(AVERAGE(F6:G6)-AVERAGE(D6:E6)) -> 3.8004837 | I6: =H6-$H$41 -> 2.3943707 | J6: =2^-I6 -> 0.19020529 | N6: Bm 1 3d | O6: 16 | P6: 22.851814 | Q6: 22.629089 | R6: 20.653175 | S6: 20.583921 | T6: =(AVERAGE(R6:S6)-AVERAGE(P6:Q6)) -> -2.1219034 | U6: =T6-$T$47 -> 0.39928563 | V6: =2^-U6 -> 0.75823364 | AC6: Bm 1 1d | AD6: 4 | AE6: 26.225224 | AF6: 26.224079 | AG6: 28.039314 | AH6: 28.311747 | AI6: =(AVERAGE(AG6:AH6)-AVERAGE(AE6:AF6)) -> 1.9508791 | AJ6: =AI6-$AG$35 -> -1.6314734 | AK6: =2^-AJ6 -> 3.0982926 | AL6: =LOG(AK6,2) -> 1.6314734 | AP6: Bm 1 7d | AQ6: 40 | AR6: 18.585508 | AS6: 18.453964 | AT6: 22.913095 | AU6: 23.036961 | AV6: =(AVERAGE(AT6:AU6)-AVERAGE(AR6:AS6)) -> 4.4552917 | AW6: =AV6-$H$25 -> 4.3035555 | AX6: =2^-AW6 -> 0.050640818 | AY6: =LOG(AX6,2) -> -4.3035555
B7: Bm2 3d | C7: 17 | D7: 21.444099 | E7: 21.269981 | F7: 24.655251 | G7: 23.449986 | H7: =(AVERAGE(F7:G7)-AVERAGE(D7:E7)) -> 2.6955776 | I7: =H7-$H$41 -> 1.2894646 | J7: =2^-I7 -> 0.40910281 | N7: Bm2 3d | O7: 17 | P7: 21.444099 | Q7: 21.269981 | R7: 19.605207 | S7: 19.743799 | T7: =(AVERAGE(R7:S7)-AVERAGE(P7:Q7)) -> -1.6825371 | U7: =T7-$T$47 -> 0.83865197 | V7: =2^-U7 -> 0.5591658 | AC7: Bm2 1d | AD7: 5 | AE7: 28.975691 | AF7: 27.984882 | AG7: 30.757711 | AH7: 30.088791 | AI7: =(AVERAGE(AG7:AH7)-AVERAGE(AE7:AF7)) -> 1.9429646 | AJ7: =AI7-$AG$35 -> -1.6393879 | AK7: =2^-AJ7 -> 3.1153363 | AL7: =LOG(AK7,2) -> 1.6393879 | AP7: Bm2 7d | AQ7: 41 | AR7: 19.966827 | AS7: 20.117241 | AT7: 24.109497 | AU7: 23.957035 | AV7: =(AVERAGE(AT7:AU7)-AVERAGE(AR7:AS7)) -> 3.9912319 | AW7: =AV7-$H$25 -> 3.8394957 | AX7: =2^-AW7 -> 0.069854862 | AY7: =LOG(AX7,2) -> -3.8394957
B8: Bm 3 3d | C8: 18 | D8: 24.161852 | E8: 24.008493 | F8: 25.48745 | G8: 25.427542 | H8: =(AVERAGE(F8:G8)-AVERAGE(D8:E8)) -> 1.372323 | I8: =H8-$H$41 -> -0.033789953 | J8: =2^-I8 -> 1.0236978 | N8: Bm 3 3d | O8: 18 | P8: 24.161852 | Q8: 24.008493 | R8: 21.99194 | S8: 21.239626 | T8: =(AVERAGE(R8:S8)-AVERAGE(P8:Q8)) -> -2.4693899 | U8: =T8-$T$47 -> 0.051799138 | V8: =2^-U8 -> 0.96473249 | AC8: Bm 3 1d | AD8: 6 | AE8: 27.481815 | AF8: 27.595713 | AG8: 28.538774 | AH8: 28.614933 | AI8: =(AVERAGE(AG8:AH8)-AVERAGE(AE8:AF8)) -> 1.0380898 | AJ8: =AI8-$AG$35 -> -2.5442627 | AK8: =2^-AJ8 -> 5.8330997 | AL8: =LOG(AK8,2) -> 2.5442627 | AP8: Bm 3 7d | AQ8: 42 | AR8: 19.546146 | AS8: 19.319754 | AT8: 22.925621 | AU8: 22.847755 | AV8: =(AVERAGE(AT8:AU8)-AVERAGE(AR8:AS8)) -> 3.4537382 | AW8: =AV8-$H$25 -> 3.302002 | AX8: =2^-AW8 -> 0.10139076 | AY8: =LOG(AX8,2) -> -3.302002
B9: C1 4d R | C9: 19 | D9: 19.560247 | E9: 19.663799 | F9: 20.578234 | G9: 19.895571 | H9: =(AVERAGE(F9:G9)-AVERAGE(D9:E9)) -> 0.62487888 | I9: =H9-$H$42 -> 0.89430396 | J9: =2^-I9 -> 0.5380067 | N9: C1 4d R | O9: 19R | P9: 19.560247 | Q9: 19.663799 | R9: 17.160328 | S9: 16.950373 | T9: =(AVERAGE(R9:S9)-AVERAGE(P9:Q9)) -> -2.556673 | U9: =T9-$T$48 -> 0.32564322 | V9: =2^-U9 -> 0.79794255 | AC9: C1 3d | AD9: 13 | AE9: 23.071939 | AF9: 22.264887 | AG9: 30.38427 | AH9: 28.845123 | AI9: =(AVERAGE(AG9:AH9)-AVERAGE(AE9:AF9)) -> 6.9462833 | AJ9: =AI9-$AG$36 -> 1.0103629 | AK9: =2^-AJ9 -> 0.49642135 | AL9: =LOG(AK9,2) -> -1.0103629 | AP9: C1 8d | AQ9: 43 | AR9: 21.514856 | AS9: 20.881268 | AT9: 23.698895 | AU9: 22.256195 | AV9: =(AVERAGE(AT9:AU9)-AVERAGE(AR9:AS9)) -> 1.7794828 | AW9: =AV9-$H$26 -> 3.1713305 | AX9: =2^-AW9 -> 0.11100292 | AY9: =LOG(AX9,2) -> -3.1713305
B10: C2 4d R | C10: 20 | D10: 20.87661 | E10: 21.012306 | F10: 19.618622 | G10: 19.929195 | H10: =(AVERAGE(F10:G10)-AVERAGE(D10:E10)) -> -1.1705494 | I10: =H10-$H$42 -> -0.90112432 | J10: =2^-I10 -> 1.8675208 | N10: C2 4d R | O10: 20R | P10: 20.87661 | Q10: 21.012306 | R10: 17.818682 | S10: 17.715719 | T10: =(AVERAGE(R10:S10)-AVERAGE(P10:Q10)) -> -3.1772575 | U10: =T10-$T$48 -> -0.29494127 | V10: =2^-U10 -> 1.226835 | AC10: C2 3d | AD10: 14 | AE10: =AVERAGE(AE9:AF9) -> 22.668413 | AF10: 24.496122 | AG10: 27.827814 | AH10: 27.808983 | AI10: =(AVERAGE(AG10:AH10)-AVERAGE(AE10:AF10)) -> 4.2361307 | AJ10: =AI10-$AG$36 -> -1.6997897 | AK10: =2^-AJ10 -> 3.248536 | AL10: =LOG(AK10,2) -> 1.6997897 | AP10: C2 8d | AQ10: 44 | AR10: 19.935474 | AS10: 20.273777 | AT10: 23.646626 | AU10: 23.318346 | AV10: =(AVERAGE(AT10:AU10)-AVERAGE(AR10:AS10)) -> 3.3778601 | AW10: =AV10-$H$26 -> 4.7697077 | AX10: =2^-AW10 -> 0.036658519 | AY10: =LOG(AX10,2) -> -4.7697077
B11: C3 4d R | C11: 21 | D11: 20.971983 | E11: 19.990679 | F11: 20.230547 | G11: 20.206905 | H11: =(AVERAGE(F11:G11)-AVERAGE(D11:E11)) -> -0.26260471 | I11: =H11-$H$42 -> 0.0068203608 | J11: =2^-I11 -> 0.99528364 | N11: C3 4d R | O11: 21R | P11: 20.971983 | Q11: 19.990679 | R11: 17.797401 | S11: 17.339224 | T11: =(AVERAGE(R11:S11)-AVERAGE(P11:Q11)) -> -2.9130182 | U11: =T11-$T$48 -> -0.030701955 | V11: =2^-U11 -> 1.021509 | AC11: C3 3d | AD11: 15 | AE11: 21.682108 | AF11: 21.740229 | AG11: 27.691833 | AH11: 28.981197 | AI11: =(AVERAGE(AG11:AH11)-AVERAGE(AE11:AF11)) -> 6.6253471 | AJ11: =AI11-$AG$36 -> 0.68942674 | AK11: =2^-AJ11 -> 0.6201002 | AL11: =LOG(AK11,2) -> -0.68942674 | AP11: C3 8d | AQ11: 45 | AR11: 19.500826 | AS11: 19.632418 | AT11: 24.891016 | AU11: 24.59692 | AV11: =(AVERAGE(AT11:AU11)-AVERAGE(AR11:AS11)) -> 5.1773462 | AW11: =AV11-$H$26 -> 6.5691938 | AX11: =2^-AW11 -> 0.010531145 | AY11: =LOG(AX11,2) -> -6.5691938
B12: Bm 1 4d R | C12: 22 | D12: 24.447493 | E12: 23.712412 | F12: 24.542383 | G12: 23.920546 | H12: =(AVERAGE(F12:G12)-AVERAGE(D12:D12)) -> -0.21602821 | I12: =H12-$H$42 -> 0.053396861 | J12: =2^-I12 -> 0.96366468 | N12: Bm 1 4d R | O12: 22R | P12: 24.447493 | Q12: 23.712412 | R12: 21.464918 | S12: 22.240808 | T12: =(AVERAGE(R12:S12)-AVERAGE(P12:Q12)) -> -2.2270889 | U12: =T12-$T$48 -> 0.65522734 | V12: =2^-U12 -> 0.63497542 | AC12: Bm 1 3d | AD12: 16 | AE12: 22.851814 | AF12: 22.629089 | AG12: 33.462391 | AH12: 31.444431 | AI12: =(AVERAGE(AG12:AH12)-AVERAGE(AE12:AF12)) -> 9.7129593 | AJ12: =AI12-$AG$36 -> 3.7770389 | AK12: =2^-AJ12 -> 0.072945415 | AL12: =LOG(AK12,2) -> -3.7770389 | AP12: Bm 1 8d | AQ12: 46 | AR12: 21.100166 | AS12: 22.047358 | AT12: 23.441145 | AU12: 23.850735 | AV12: =(AVERAGE(AT12:AU12)-AVERAGE(AR12:AS12)) -> 2.0721779 | AW12: =AV12-$H$26 -> 3.4640255 | AX12: =2^-AW12 -> 0.090620075 | AY12: =LOG(AX12,2) -> -3.4640255
B13: Bm2 4d R | C13: 23 | D13: 23.247902 | E13: 23.132988 | F13: 20.845633 | G13: 21.118565 | H13: =(AVERAGE(F13:G13)-AVERAGE(D13:E13)) -> -2.2083464 | I13: =H13-$H$42 -> -1.9389213 | J13: =2^-I13 -> 3.8341886 | N13: Bm2 4d R | O13: 23R | P13: 23.247902 | Q13: 23.132988 | S13: 18.456825 | T13: =(AVERAGE(R13:S13)-AVERAGE(P13:Q13)) -> -4.7336197 | U13: =T13-$T$48 -> -1.8513034 | V13: =2^-U13 -> 3.6082603 | AC13: Bm2 3d | AD13: 17 | AE13: 21.444099 | AF13: 21.269981 | AG13: 29.520857 | AH13: 29.037161 | AI13: =(AVERAGE(AG13:AH13)-AVERAGE(AE13:AF13)) -> 7.9219685 | AJ13: =AI13-$AG$36 -> 1.9860481 | AK13: =2^-AJ13 -> 0.25242941 | AL13: =LOG(AK13,2) -> -1.9860481 | AP13: Bm2 8d | AQ13: 47 | AR13: 20.984156 | AS13: 20.07226 | AT13: 23.198938 | AU13: 22.911041 | AV13: =(AVERAGE(AT13:AU13)-AVERAGE(AR13:AS13)) -> 2.526782 | AW13: =AV13-$H$26 -> 3.9186296 | AX13: =2^-AW13 -> 0.066126408 | AY13: =LOG(AX13,2) -> -3.9186296
B14: Bm 3 4d R | C14: 24 | D14: 23.886114 | E14: 24.142057 | F14: 22.438375 | G14: 21.577345 | H14: =(AVERAGE(F14:G14)-AVERAGE(D14:E14)) -> -2.0062256 | I14: =H14-$H$42 -> -1.7368005 | J14: =2^-I14 -> 3.3329519 | N14: Bm 3 4d R | O14: 24R | P14: 23.886114 | Q14: 24.142057 | R14: 18.352755 | S14: 19.399916 | T14: =(AVERAGE(R14:S14)-AVERAGE(P14:Q14)) -> -5.1377506 | U14: =T14-$T$48 -> -2.2554344 | V14: =2^-U14 -> 4.7747803 | AC14: Bm 3 3d | AD14: 18 | AE14: 24.161852 | AF14: 24.008493 | AG14: 29.445469 | AH14: 28.585978 | AI14: =(AVERAGE(AG14:AH14)-AVERAGE(AE14:AF14)) -> 4.9305506 | AJ14: =AI14-$AG$36 -> -1.0053698 | AK14: =2^-AJ14 -> 2.007458 | AL14: =LOG(AK14,2) -> 1.0053698 | AP14: Bm 3 8d | AQ14: 48 | AR14: 22.302639 | AS14: 21.141642 | AT14: 25.93745 | AU14: 25.268019 | AV14: =(AVERAGE(AT14:AU14)-AVERAGE(AR14:AS14)) -> 3.8805943 | AW14: =AV14-$H$26 -> 5.2724419 | AX14: =2^-AW14 -> 0.025872408 | AY14: =LOG(AX14,2) -> -5.2724419
B15: C1 5d | C15: 25 | D15: 21.633312 | E15: 20.965622 | F15: 29.553358 | G15: 27.764248 | H15: =(AVERAGE(F15:G15)-AVERAGE(D15:E15)) -> 7.3593359 | I15: =H15-$H$43 -> 0.6271464 | J15: =2^-I15 -> 0.64745579 | N15: C1 5d | O15: 25 | P15: 21.633312 | Q15: 20.965622 | R15: 18.270388 | S15: 18.349541 | T15: =(AVERAGE(R15:S15)-AVERAGE(P15:Q15)) -> -2.9895029 | U15: =T15-$T$49 -> -0.27224795 | V15: =2^-U15 -> 1.2076881 | AC15: C1 5d | AD15: 25 | AE15: 21.633312 | AF15: 20.965622 | AG15: 28.414457 | AH15: 28.175652 | AI15: =(AVERAGE(AG15:AH15)-AVERAGE(AE15:AF15)) -> 6.9955873 | AJ15: =AI15-$AG$37 -> -0.020028432 | AK15: =2^-AJ15 -> 1.0139795 | AL15: =LOG(AK15,2) -> 0.020028432 | AP15: C1 9d | AQ15: 49 | AR15: 19.839867 | AS15: 19.958887 | AT15: 23.540491 | AU15: 23.180973 | AV15: =(AVERAGE(AT15:AU15)-AVERAGE(AR15:AS15)) -> 3.4613552 | AW15: =AV15-$H$27 -> -3.6590967 | AX15: =2^-AW15 -> 12.632749 | AY15: =LOG(AX15,2) -> 3.6590967
B16: C2 5d | C16: 26 | D16: 20.730085 | E16: 21.229769 | F16: 27.973469 | G16: 27.581432 | H16: =(AVERAGE(F16:G16)-AVERAGE(D16:E16)) -> 6.7975235 | I16: =H16-$H$43 -> 0.065334002 | J16: =2^-I16 -> 0.95572403 | N16: C2 5d | O16: 26 | P16: 20.730085 | Q16: 21.229769 | R16: 18.82439 | S16: 18.718998 | T16: =(AVERAGE(R16:S16)-AVERAGE(P16:Q16)) -> -2.2082329 | U16: =T16-$T$49 -> 0.50902208 | V16: =2^-U16 -> 0.7026986 | AC16: C2 5d | AD16: 26 | AE16: 20.730085 | AF16: 21.229769 | AG16: 28.629374 | AH16: 28.780123 | AI16: =(AVERAGE(AG16:AH16)-AVERAGE(AE16:AF16)) -> 7.7248211 | AJ16: =AI16-$AG$37 -> 0.70920531 | AK16: =2^-AJ16 -> 0.61165697 | AL16: =LOG(AK16,2) -> -0.70920531 | AP16: C2 9d | AQ16: 50 | AR16: 20.922846 | AS16: 20.756575 | AT16: 24.362352 | AU16: 24.237541 | AV16: =(AVERAGE(AT16:AU16)-AVERAGE(AR16:AS16)) -> 3.4602365 | AW16: =AV16-$H$27 -> -3.6602154 | AX16: =2^-AW16 -> 12.642548 | AY16: =LOG(AX16,2) -> 3.6602154
B17: C3 5d | C17: 27 | D17: 22.78698 | E17: 22.641024 | F17: 29.353113 | G17: 28.154308 | H17: =(AVERAGE(F17:G17)-AVERAGE(D17:E17)) -> 6.0397091 | I17: =H17-$H$43 -> -0.69248041 | J17: =2^-I17 -> 1.6160596 | N17: C3 5d | O17: 27 | P17: 22.78698 | Q17: 22.641024 | R17: 19.747772 | S17: 19.772173 | T17: =(AVERAGE(R17:S17)-AVERAGE(P17:Q17)) -> -2.9540291 | U17: =T17-$T$49 -> -0.23677413 | V17: =2^-U17 -> 1.1783549 | AC17: C3 5d | AD17: 27 | AE17: 22.78698 | AF17: 22.641024 | AG17: 29.827919 | AH17: 28.252962 | AI17: =(AVERAGE(AG17:AH17)-AVERAGE(AE17:AF17)) -> 6.3264389 | AJ17: =AI17-$AG$37 -> -0.68917688 | AK17: =2^-AJ17 -> 1.6123633 | AL17: =LOG(AK17,2) -> 0.68917688 | AP17: C3 9d | AQ17: 51 | AR17: 19.8594 | AS17: 19.758081 | AT17: 23.726654 | AU17: 23.944592 | AV17: =(AVERAGE(AT17:AU17)-AVERAGE(AR17:AS17)) -> 4.0268822 | AW17: =AV17-$H$27 -> -3.0935698 | AX17: =2^-AW17 -> 8.5360567 | AY17: =LOG(AX17,2) -> 3.0935698
B18: Bm 1 5d | C18: 28 | D18: 21.162613 | E18: 21.344795 | F18: 28.178015 | G18: 27.013546 | H18: =(AVERAGE(F18:G18)-AVERAGE(D18:E18)) -> 6.3420763 | I18: =H18-$H$43 -> -0.39011319 | J18: =2^-I18 -> 1.3104962 | N18: Bm 1 5d | O18: 28 | P18: 21.162613 | Q18: 21.344795 | R18: 18.272095 | S18: 18.367222 | T18: =(AVERAGE(R18:S18)-AVERAGE(P18:Q18)) -> -2.9340458 | U18: =T18-$T$49 -> -0.21679084 | V18: =2^-U18 -> 1.1621456 | AC18: Bm 1 5d | AD18: 28 | AE18: 21.162613 | AF18: 21.344795 | AG18: 30.248966 | AH18: 28.047705 | AI18: =(AVERAGE(AG18:AH18)-AVERAGE(AE18:AF18)) -> 7.8946314 | AJ18: =AI18-$AG$37 -> 0.8790156 | AK18: =2^-AJ18 -> 0.54373831 | AL18: =LOG(AK18,2) -> -0.8790156 | AP18: Bm 1 9d | AQ18: 52 | AR18: 21.173983 | AS18: 21.189119 | AT18: 25.402443 | AU18: 24.688053 | AV18: =(AVERAGE(AT18:AU18)-AVERAGE(AR18:AS18)) -> 3.8636971 | AW18: =AV18-$H$27 -> -3.2567549 | AX18: =2^-AW18 -> 9.5583055 | AY18: =LOG(AX18,2) -> 3.2567549
B19: Bm2 5d | C19: 29 | D19: 23.891291 | E19: 22.611395 | F19: 28.107157 | G19: 29.741829 | H19: =(AVERAGE(F19:G19)-AVERAGE(D19:E19)) -> 5.6731501 | I19: =H19-$H$43 -> -1.0590394 | J19: =2^-I19 -> 2.0835438 | N19: Bm2 5d | O19: 29 | P19: 23.891291 | Q19: 22.611395 | R19: 21.148245 | S19: 20.500769 | T19: =(AVERAGE(R19:S19)-AVERAGE(P19:Q19)) -> -2.426836 | U19: =T19-$T$49 -> 0.29041894 | V19: =2^-U19 -> 0.81766458 | AC19: Bm2 5d | AD19: 29 | AE19: 23.891291 | AF19: 22.611395 | AG19: 27.922695 | AH19: 28.357687 | AI19: =(AVERAGE(AG19:AH19)-AVERAGE(AE19:AF19)) -> 4.8888483 | AJ19: =AI19-$AG$37 -> -2.1267675 | AK19: =2^-AJ19 -> 4.3673782 | AL19: =LOG(AK19,2) -> 2.1267675 | AP19: Bm2 9d | AQ19: 53 | AR19: 21.494963 | AS19: 20.85043 | AT19: 23.826967 | AU19: 23.657017 | AV19: =(AVERAGE(AT19:AU19)-AVERAGE(AR19:AS19)) -> 2.5692959 | AW19: =AV19-$H$27 -> -4.551156 | AX19: =2^-AW19 -> 23.44415 | AY19: =LOG(AX19,2) -> 4.551156
B20: Bm 3 5d | C20: 30 | D20: 23.328094 | E20: 22.834209 | F20: 27.537342 | G20: 27.78006 | H20: =(AVERAGE(F20:G20)-AVERAGE(D20:E20)) -> 4.577549 | I20: =H20-$H$43 -> -2.1546405 | J20: =2^-I20 -> 4.4525769 | N20: Bm 3 5d | O20: 30 | P20: 23.328094 | Q20: 22.834209 | R20: 19.995136 | S20: 19.926102 | T20: =(AVERAGE(R20:S20)-AVERAGE(P20:Q20)) -> -3.120533 | U20: =T20-$T$49 -> -0.40327803 | V20: =2^-U20 -> 1.3225095 | AC20: Bm 3 5d | AD20: 30 | AE20: 23.328094 | AF20: 22.834209 | AG20: 27.968351 | AH20: 27.54007 | AI20: =(AVERAGE(AG20:AH20)-AVERAGE(AE20:AF20)) -> 4.6730585 | AJ20: =AI20-$AG$37 -> -2.3425573 | AK20: =2^-AJ20 -> 5.0720089 | AL20: =LOG(AK20,2) -> 2.3425573 | AP20: Bm 3 9d | AQ20: 54 | AR20: =AVERAGE(AR18:AR19) -> 21.334473 | AS20: 23.420071 | AT20: 29.151505 | AU20: 28.995268 | AV20: =(AVERAGE(AT20:AU20)-AVERAGE(AR20:AS20)) -> 6.6961145 | AW20: =AV20-$H$27 -> -0.42433739 | AX20: =2^-AW20 -> 1.341956 | AY20: =LOG(AX20,2) -> 0.42433739
B21: C1 6d R | C21: 31R | D21: 19.23283 | E21: 18.350857 | F21: 20.757713 | G21: 21.118784 | H21: =(AVERAGE(F21:G21)-AVERAGE(D21:E21)) -> 2.1464052 | I21: =H21-$H$44 -> 1.8702091 | J21: =2^-I21 -> 0.27353379 | N21: C1 6d R | O21: 31R | P21: 19.23283 | Q21: 18.350857 | R21: 17.396368 | S21: 16.521559 | T21: =(AVERAGE(R21:S21)-AVERAGE(P21:Q21)) -> -1.83288 | U21: =T21-$T$50 -> 0.34699376 | V21: =2^-U21 -> 0.78622069 | AC21: C1 7d | AD21: 37 | AE21: =AVERAGE(AF21:AF22) -> 22.803472 | AF21: 23.64431 | AG21: 29.159986 | AH21: 29.227072 | AI21: =(AVERAGE(AG21:AH21)-AVERAGE(AE21:AF21)) -> 5.9696383 | AJ21: =AI21-$AG$38 -> -1.6484137 | AK21: =2^-AJ21 -> 3.1348875 | AL21: =LOG(AK21,2) -> 1.6484137
B22: C2 6d R | C22: 32R | D22: 19.631062 | E22: 18.865997 | F22: 19.27597 | G22: 19.196959 | H22: =(AVERAGE(F22:G22)-AVERAGE(D22:E22)) -> -0.012064934 | I22: =H22-$H$44 -> -0.2882611 | J22: =2^-I22 -> 1.2211675 | N22: C2 6d R | O22: 32R | P22: 19.631062 | Q22: 18.865997 | R22: 17.689426 | S22: 16.776361 | T22: =(AVERAGE(R22:S22)-AVERAGE(P22:Q22)) -> -2.0156355 | U22: =T22-$T$50 -> 0.16423829 | V22: =2^-U22 -> 0.89239956 | AC22: C2 7d | AD22: 38 | AE22: 22.447786 | AF22: 21.962633 | AG22: 29.499912 | AH22: 28.750668 | AI22: =(AVERAGE(AG22:AH22)-AVERAGE(AE22:AF22)) -> 6.9200802 | AJ22: =AI22-$AG$38 -> -0.69797182 | AK22: =2^-AJ22 -> 1.6222226 | AL22: =LOG(AK22,2) -> 0.69797182
B23: C3 6d R | C23: 33R | D23: 20.281584 | E23: 20.795269 | F23: 19.756817 | G23: 18.708532 | H23: =(AVERAGE(F23:G23)-AVERAGE(D23:E23)) -> -1.3057518 | I23: =H23-$H$44 -> -1.581948 | J23: =2^-I23 -> 2.993738 | N23: C3 6d R | O23: 33R | P23: 20.281584 | Q23: 20.795269 | R23: 18.30587 | S23: 17.388771 | T23: =(AVERAGE(R23:S23)-AVERAGE(P23:Q23)) -> -2.6911058 | U23: =T23-$T$50 -> -0.51123206 | V23: =2^-U23 -> 1.4252669 | AC23: C3 7d | AD23: 39 | AE23: 20.822649 | AF23: 20.741495 | AG23: 31.566387 | AH23: 29.926632 | AI23: =(AVERAGE(AG23:AH23)-AVERAGE(AE23:AF23)) -> 9.9644375 | AJ23: =AI23-$AG$38 -> 2.3463855 | AK23: =AVERAGE(AK21:AK22) -> 2.378555 | AL23: =LOG(AK23,2) -> 1.2500854
B24: Bm 1 6d R | C24: 34R | D24: 20.040354 | E24: 20.383734 | F24: 20.777485 | G24: 21.595984 | H24: =(AVERAGE(F24:G24)-AVERAGE(D24:E24)) -> 0.97469044 | I24: =H24-$H$44 -> 0.69849428 | J24: =2^-I24 -> 0.61621501 | N24: Bm 1 6d R | O24: 34R | P24: 20.040354 | Q24: 20.383734 | R24: 17.685345 | S24: 18.469688 | T24: =(AVERAGE(R24:S24)-AVERAGE(P24:Q24)) -> -2.1345272 | U24: =T24-$T$50 -> 0.045346578 | V24: =2^-U24 -> 0.96905699 | AC24: Bm 1 7d | AD24: 40 | AE24: 18.585508 | AF24: 18.453964 | AG24: 28.7008 | AH24: 28.764259 | AI24: =(AVERAGE(AG24:AH24)-AVERAGE(AE24:AF24)) -> 10.212793 | AJ24: =AI24-$AG$38 -> 2.5947413 | AK24: =2^-AJ24 -> 0.16554079 | AL24: =LOG(AK24,2) -> -2.5947413
B25: Bm2 6d R | C25: 35R | D25: 19.42383 | E25: 18.991331 | F25: 19.231018 | G25: 19.487616 | H25: =(AVERAGE(F25:G25)-AVERAGE(D25:E25)) -> 0.15173626 | I25: =H25-$H$44 -> -0.1244599 | J25: =2^-I25 -> 1.0900996 | N25: Bm2 6d R | O25: 35R | P25: 19.42383 | Q25: 18.991331 | R25: 17.442348 | S25: 18.385933 | T25: =(AVERAGE(R25:S25)-AVERAGE(P25:Q25)) -> -1.2934399 | U25: =T25-$T$50 -> 0.88643392 | V25: =2^-U25 -> 0.5409496 | AC25: Bm2 7d | AD25: 41 | AE25: 19.966827 | AF25: 20.117241 | AG25: 29.955465 | AH25: 27.877138 | AI25: =(AVERAGE(AG25:AH25)-AVERAGE(AE25:AF25)) -> 8.8742676 | AJ25: =AI25-$AG$38 -> 1.2562156 | AK25: =2^-AJ25 -> 0.41864068 | AL25: =LOG(AK25,2) -> -1.2562156 | AU25: 5d | AV25: =AVERAGE(AV3:AV5) -> 2.9914724
B26: Bm 3 6d R | C26: 36R | D26: 20.472315 | E26: 20.986731 | F26: 19.263929 | G26: 19.411421 | H26: =(AVERAGE(F26:G26)-AVERAGE(D26:E26)) -> -1.3918476 | I26: =H26-$H$44 -> -1.6680438 | J26: =2^-I26 -> 3.177834 | N26: Bm 3 6d R | O26: 36R | P26: 20.472315 | Q26: 20.986731 | R26: 17.860683 | S26: 18.964962 | T26: =(AVERAGE(R26:S26)-AVERAGE(P26:Q26)) -> -2.3167 | U26: =T26-$T$50 -> -0.1368262 | V26: =2^-U26 -> 1.0994837 | AC26: Bm 3 7d | AD26: 42 | AE26: 19.546146 | AF26: 19.319754 | AG26: 29.284336 | AH26: 29.053307 | AI26: =(AVERAGE(AG26:AH26)-AVERAGE(AE26:AF26)) -> 9.7358713 | AJ26: =AI26-$AG$38 -> 2.1178193 | AK26: =2^-AJ26 -> 0.2303949 | AL26: =LOG(AK26,2) -> -2.1178193 | AU26: 7d | AV26: =AVERAGE(AV9:AV11) -> 3.4448964
B27: C1 7d | C27: 37 | E27: 23.64431 | F27: 30.548727 | G27: 30.980797 | H27: =(AVERAGE(F27:G27)-AVERAGE(D27:E27)) -> 7.1204519 | I27: =H27-$H$45 -> 2.5188748 | J27: =2^-I27 -> 0.17447899 | N27: C1 7d | O27: 37 | Q27: 23.64431 | R27: 27.015242 | S27: 27.580282 | T27: =(AVERAGE(R27:S27)-AVERAGE(P27:Q27)) -> 3.6534519 | U27: =T27-$T$51 -> -0.45632839 | V27: =2^-U27 -> 1.3720456 | W27: =LOG(V27,2) -> 0.45632839 | AC27: C1 9d | AD27: 49 | AE27: 19.839867 | AF27: 19.958887 | AG27: 29.994661 | AH27: 29.422617 | AI27: =(AVERAGE(AG27:AH27)-AVERAGE(AE27:AF27)) -> 9.8092623 | AJ27: =AI27-$AG$39 -> 0.13019975 | AK27: =2^-AJ27 -> 0.91370493 | AL27: =LOG(AK27,2) -> -0.13019975 | AU27: 10d | AV27: =AVERAGE(AV15:AV17) -> 3.6494913
B28: C2 7d | C28: 38 | D28: 22.447786 | E28: 21.962633 | F28: 25.081198 | G28: 25.104053 | H28: =(AVERAGE(F28:G28)-AVERAGE(D28:E28)) -> 2.8874159 | I28: =H28-$H$45 -> -1.7141612 | J28: =2^-I28 -> 3.2810583 | N28: C2 7d | O28: 38 | P28: 22.447786 | Q28: 21.962633 | R28: 26.959961 | S28: 26.244173 | T28: =(AVERAGE(R28:S28)-AVERAGE(P28:Q28)) -> 4.3968573 | U28: =T28-$T$51 -> 0.28707695 | V28: =2^-U28 -> 0.81956089 | W28: =LOG(V28,2) -> -0.28707695 | AC28: C2 9d | AD28: 50 | AE28: 20.922846 | AF28: 20.756575 | AG28: 30.059212 | AH28: 29.02412 | AI28: =(AVERAGE(AG28:AH28)-AVERAGE(AE28:AF28)) -> 8.7019558 | AJ28: =AI28-$AG$39 -> -0.97710673 | AK28: =2^-AJ28 -> 1.9685137 | AL28: =LOG(AK28,2) -> 0.97710673
B29: C3 7d | C29: 39 | D29: 20.822649 | E29: 20.741495 | F29: 24.143505 | G29: 25.014366 | H29: =(AVERAGE(F29:G29)-AVERAGE(D29:E29)) -> 3.7968636 | I29: =H29-$H$45 -> -0.80471357 | J29: =2^-I29 -> 1.7467989 | N29: C3 7d | O29: 39 | P29: 20.822649 | Q29: 20.741495 | R29: 26.025209 | S29: 24.096998 | T29: =(AVERAGE(R29:S29)-AVERAGE(P29:Q29)) -> 4.2790318 | U29: =T29-$T$51 -> 0.16925144 | V29: =2^-U29 -> 0.88930399 | W29: =LOG(V29,2) -> -0.16925144 | AC29: C3 9d | AD29: 51 | AE29: 19.8594 | AF29: 19.758081 | AG29: 29.964705 | AH29: 30.704716 | AI29: =(AVERAGE(AG29:AH29)-AVERAGE(AE29:AF29)) -> 10.52597 | AJ29: =AI29-$AG$39 -> 0.84690698 | AK29: =2^-AJ29 -> 0.55597543 | AL29: =LOG(AK29,2) -> -0.84690698 | AQ29: C | AR29: Error | AS29: Bm | AT29: Error
B30: Bm 1 7d | C30: 40 | D30: 18.585508 | E30: 18.453964 | F30: 25.764936 | G30: 25.324114 | H30: =(AVERAGE(F30:G30)-AVERAGE(D30:E30)) -> 7.0247889 | I30: =H30-$H$45 -> 2.4232117 | J30: =2^-I30 -> 0.18644064 | N30: Bm 1 7d | O30: 40 | P30: 18.585508 | Q30: 18.453964 | R30: 24.72921 | S30: 23.25421 | T30: =(AVERAGE(R30:S30)-AVERAGE(P30:Q30)) -> 5.4719734 | U30: =T30-$T$51 -> 1.3621931 | V30: =2^-U30 -> 0.38899052 | W30: =LOG(V30,2) -> -1.3621931 | AC30: Bm 1 9d | AD30: 52 | AE30: 21.173983 | AF30: 21.189119 | AG30: 28.864035 | AH30: 28.610323 | AI30: =(AVERAGE(AG30:AH30)-AVERAGE(AE30:AF30)) -> 7.5556278 | AJ30: =AI30-$AG$39 -> -2.1234347 | AK30: =2^-AJ30 -> 4.3573008 | AL30: =LOG(AK30,2) -> 2.1234347 | AP30: 7d | AQ30: =AVERAGE(AX3:AX5) -> 0.16296447 | AR30: =_xlfn.STDEV.S(AX3:AX5)/SQRT(3) -> 0.066529867 | AS30: =AVERAGE(AX6:AX8) -> 0.073962146 | AT30: =_xlfn.STDEV.S(AX6:AX8)/SQRT(3) -> 0.014793483
B31: Bm2 7d | C31: 41 | D31: 19.966827 | E31: 20.117241 | F31: 27.327812 | G31: 27.708197 | H31: =(AVERAGE(F31:G31)-AVERAGE(D31:E31)) -> 7.4759703 | I31: =H31-$H$45 -> 2.8743931 | J31: =2^-I31 -> 0.13637082 | N31: Bm2 7d | O31: 41 | P31: 19.966827 | Q31: 20.117241 | R31: 26.447994 | S31: 26.16292 | T31: =(AVERAGE(R31:S31)-AVERAGE(P31:Q31)) -> 6.263423 | U31: =T31-$T$51 -> 2.1536427 | V31: =2^-U31 -> 0.22474444 | W31: =LOG(V31,2) -> -2.1536427 | AC31: Bm2 9d | AD31: 53 | AE31: 21.494963 | AF31: 20.85043 | AG31: 29.73316 | AH31: 28.947939 | AI31: =(AVERAGE(AG31:AH31)-AVERAGE(AE31:AF31)) -> 8.1678534 | AJ31: =AI31-$AG$39 -> -1.5112092 | AK31: =2^-AJ31 -> 2.8504885 | AL31: =LOG(AK31,2) -> 1.5112092 | AP31: 8d | AQ31: =AVERAGE(AX9:AX11) -> 0.052730862 | AR31: =_xlfn.STDEV.S(AX9:AX11)/SQRT(3) -> 0.030096426 | AS31: =AVERAGE(AX12:AX14) -> 0.060872964 | AT31: =_xlfn.STDEV.S(AX12:AX14)/SQRT(3) -> 0.018874711
B32: Bm 3 7d | C32: 42 | D32: 19.546146 | E32: 19.319754 | F32: 25.048927 | G32: 24.94956 | H32: =(AVERAGE(F32:G32)-AVERAGE(D32:E32)) -> 5.5662937 | I32: =H32-$H$45 -> 0.96471659 | J32: =2^-I32 -> 0.51237905 | N32: Bm 3 7d | O32: 42 | P32: 19.546146 | Q32: 19.319754 | R32: 22.912817 | S32: 22.945906 | T32: =(AVERAGE(R32:S32)-AVERAGE(P32:Q32)) -> 3.4964113 | U32: =T32-$T$51 -> -0.61336899 | V32: =2^-U32 -> 1.5298275 | W32: =LOG(V32,2) -> 0.61336899 | AC32: Bm 3 9d | AD32: 54 | AE32: =AVERAGE(AE30:AE31) -> 21.334473 | AF32: 23.420071 | AG32: 28.232904 | AH32: 28.570616 | AI32: =(AVERAGE(AG32:AH32)-AVERAGE(AE32:AF32)) -> 6.0244884 | AJ32: =AI32-$AG$39 -> -3.6545741 | AK32: =2^-AJ32 -> 12.593209 | AL32: =LOG(AK32,2) -> 3.6545741 | AP32: 9d | AQ32: =AVERAGE(AX15:AX17) -> 11.270451 | AR32: =_xlfn.STDEV.S(AX15:AX17)/SQRT(3) -> 1.3672002 | AS32: =AVERAGE(AX18:AX20) -> 11.448137 | AT32: =_xlfn.STDEV.S(AX18:AX20)/SQRT(3) -> 6.4499441
B33: C1 10d | C33: 49 | D33: 19.839867 | E33: 19.958887 | F33: 26.045168 | G33: =AVERAGE(F33:F34) -> 26.761756 | H33: =(AVERAGE(F33:G33)-AVERAGE(D33:E33)) -> 6.5040851 | I33: =H33-$H$46 -> -0.7047526 | J33: =2^-I33 -> 1.6298651 | N33: C1 8d | O33: 43 | P33: 21.514856 | Q33: 20.881268 | R33: 26.158148 | S33: 25.9835 | T33: =(AVERAGE(R33:S33)-AVERAGE(P33:Q33)) -> 4.8727617 | U33: =T33-$T$52 -> 0.25978247 | V33: =2^-U33 -> 0.83521384 | W33: =LOG(V33,2) -> -0.25978247
B34: C2 10d | C34: 50 | D34: 20.922846 | E34: 20.756575 | F34: 27.478344 | G34: 27.989313 | H34: =(AVERAGE(F34:G34)-AVERAGE(D34:E34)) -> 6.8941183 | I34: =H34-$H$46 -> -0.31471936 | J34: =2^-I34 -> 1.2437697 | N34: C2 8d | O34: 44 | P34: 19.935474 | Q34: 20.273777 | R34: 25.433828 | S34: 23.828285 | T34: =(AVERAGE(R34:S34)-AVERAGE(P34:Q34)) -> 4.5264311 | U34: =T34-$T$52 -> -0.086548169 | V34: =2^-U34 -> 1.0618266 | W34: =LOG(V34,2) -> 0.086548169
B35: C3 10d | C35: 51 | D35: 19.8594 | E35: 19.758081 | F35: 27.988876 | G35: 28.085224 | H35: =(AVERAGE(F35:G35)-AVERAGE(D35:E35)) -> 8.2283096 | I35: =H35-$H$46 -> 1.019472 | J35: =2^-I35 -> 0.49329687 | N35: C3 8d | O35: 45 | P35: 19.500826 | Q35: 19.632418 | R35: 24.336002 | S35: 23.676731 | T35: =(AVERAGE(R35:S35)-AVERAGE(P35:Q35)) -> 4.4397449 | U35: =T35-$T$52 -> -0.1732343 | V35: =2^-U35 -> 1.1275835 | W35: =LOG(V35,2) -> 0.1732343 | AF35: 1d | AG35: =AVERAGE(AI3:AI5) -> 3.5823525
B36: Bm 1 10d | C36: 52 | D36: 21.173983 | E36: 21.189119 | F36: 28.015755 | G36: 28.238628 | H36: =(AVERAGE(F36:G36)-AVERAGE(D36:E36)) -> 6.9456406 | I36: =H36-$H$46 -> -0.2631971 | J36: =2^-I36 -> 1.2001353 | N36: Bm 1 8d | O36: 46 | P36: 21.100166 | Q36: 22.047358 | S36: 25.624601 | T36: =(AVERAGE(R36:S36)-AVERAGE(P36:Q36)) -> 4.0508394 | U36: =T36-$T$52 -> -0.56213983 | V36: =2^-U36 -> 1.4764575 | W36: =LOG(V36,2) -> 0.56213983 | AF36: 3d | AG36: =AVERAGE(AI9:AI11) -> 5.9359204
B37: Bm2 10d | C37: 53 | D37: 21.494963 | E37: 20.85043 | F37: 30.044535 | G37: 29.6147 | H37: =(AVERAGE(F37:G37)-AVERAGE(D37:E37)) -> 8.6569214 | I37: =H37-$H$46 -> 1.4480837 | J37: =2^-I37 -> 0.36650792 | N37: Bm2 8d | O37: 47 | P37: 20.984156 | Q37: 20.07226 | R37: 25.382271 | S37: 25.655926 | T37: =(AVERAGE(R37:S37)-AVERAGE(P37:Q37)) -> 4.9908905 | U37: =T37-$T$52 -> 0.37791125 | V37: =2^-U37 -> 0.76955095 | W37: =LOG(V37,2) -> -0.37791125 | AF37: 5d | AG37: =AVERAGE(AI15:AI17) -> 7.0156158
B38: Bm 3 10d | C38: 54 | D38: 25.072329 | E38: 23.420071 | F38: 30.970547 | G38: 31.195412 | H38: =(AVERAGE(F38:G38)-AVERAGE(D38:E38)) -> 6.8367796 | I38: =H38-$H$46 -> -0.37205807 | J38: =2^-I38 -> 1.2941977 | N38: Bm 3 8d | O38: 48 | P38: 22.302639 | Q38: 21.141642 | R38: 24.791534 | S38: 26.650387 | T38: =(AVERAGE(R38:S38)-AVERAGE(P38:Q38)) -> 3.9988203 | U38: =T38-$T$52 -> -0.61415895 | V38: =2^-U38 -> 1.5306654 | W38: =LOG(V38,2) -> 0.61415895 | AF38: 7d | AG38: =AVERAGE(AI21:AI23) -> 7.618052
N39: C1 9d | O39: 49 | P39: 19.839867 | Q39: 19.958887 | R39: 24.070642 | S39: 25.001577 | T39: =(AVERAGE(R39:S39)-AVERAGE(P39:Q39)) -> 4.6367331 | U39: =T39-$T$53 -> -0.04308478 | V39: =2^-U39 -> 1.0303145 | W39: =LOG(V39,2) -> 0.04308478 | AF39: 10d | AG39: =AVERAGE(AI27:AI29) -> 9.6790625
N40: C2 9d | O40: 50 | P40: 20.922846 | Q40: 20.756575 | R40: 24.590778 | S40: 25.542292 | T40: =(AVERAGE(R40:S40)-AVERAGE(P40:Q40)) -> 4.2268248 | U40: =T40-$T$53 -> -0.45299308 | V40: =2^-U40 -> 1.3688772 | W40: =LOG(V40,2) -> 0.45299308 | AD40: C | AE40: Error | AF40: Bm | AG40: Error
G41: 3d | H41: =AVERAGE(H3:H5) -> 1.406113 | N41: C3 9d | O41: 51 | P41: 19.8594 | Q41: 19.758081 | R41: 24.443914 | S41: 25.525358 | T41: =(AVERAGE(R41:S41)-AVERAGE(P41:Q41)) -> 5.1758957 | U41: =T41-$T$53 -> 0.49607786 | V41: =2^-U41 -> 0.70903175 | W41: =LOG(V41,2) -> -0.49607786 | AC41: 1d | AD41: =AVERAGE(AK3:AK5) -> 1.0840025 | AE41: =_xlfn.STDEV.S(AK3:AK5)/SQRT(3) -> 0.27075405 | AF41: =AVERAGE(AK6:AK8) -> 4.0155762 | AG41: =_xlfn.STDEV.S(AK6:AK8)/SQRT(3) -> 0.90877506
G42: 4d | H42: =AVERAGE(H9:H11) -> -0.26942507 | N42: Bm 1 9d | O42: 52 | P42: 21.173983 | Q42: 21.189119 | R42: 26.35688 | S42: 26.604271 | T42: =(AVERAGE(R42:S42)-AVERAGE(P42:Q42)) -> 5.2990246 | U42: =T42-$T$53 -> 0.61920675 | V42: =2^-U42 -> 0.65102879 | W42: =LOG(V42,2) -> -0.61920675 | AC42: 3d | AD42: =AVERAGE(AK9:AK11) -> 1.4550192 | AE42: =_xlfn.STDEV.S(AK9:AK11)/SQRT(3) -> 0.89746885 | AF42: =AVERAGE(AK12:AK14) -> 0.77761095 | AG42: =_xlfn.STDEV.S(AK12:AK14)/SQRT(3) -> 0.6171025
G43: 5d | H43: =AVERAGE(H15:H17) -> 6.7321895 | N43: Bm2 9d | O43: 53 | P43: 21.494963 | Q43: 20.85043 | R43: 27.179789 | S43: 25.391399 | T43: =(AVERAGE(R43:S43)-AVERAGE(P43:Q43)) -> 5.1128979 | U43: =T43-$T$53 -> 0.43308004 | V43: =2^-U43 -> 0.74067881 | W43: =LOG(V43,2) -> -0.43308004 | AC43: 5d | AD43: =AVERAGE(AK15:AK17) -> 1.0793333 | AE43: =_xlfn.STDEV.S(AK15:AK17)/SQRT(3) -> 0.29072131 | AF43: =AVERAGE(AK18:AK20) -> 3.3277085 | AG43: =_xlfn.STDEV.S(AK18:AK20)/SQRT(3) -> 1.4067686
G44: 6d | H44: =AVERAGE(H21:H23) -> 0.27619616 | N44: Bm 3 9d | O44: 54 | P44: 25.072329 | Q44: 23.420071 | R44: 29.635796 | S44: 29.31208 | T44: =(AVERAGE(R44:S44)-AVERAGE(P44:Q44)) -> 5.2277384 | U44: =T44-$T$53 -> 0.54792054 | V44: =2^-U44 -> 0.68400532 | W44: =LOG(V44,2) -> -0.54792054 | AC44: 7d | AD44: =AVERAGE(AK21:AK23) -> 2.378555 | AE44: =_xlfn.STDEV.S(AK21:AK23)/SQRT(3) -> 0.43666873 | AF44: =AVERAGE(AK24:AK26) -> 0.27152546 | AG44: =_xlfn.STDEV.S(AK24:AK26)/SQRT(3) -> 0.075902747
G45: 7d | H45: =AVERAGE(H27:H29) -> 4.6015771 | AC45: 10d | AD45: =AVERAGE(AK27:AK29) -> 1.1460647 | AE45: =_xlfn.STDEV.S(AK27:AK29)/SQRT(3) -> 0.42399267 | AF45: =AVERAGE(AK30:AK32) -> 6.6003328 | AG45: =_xlfn.STDEV.S(AK30:AK32)/SQRT(3) -> 3.0278456
G46: 10d | H46: =AVERAGE(H33:H35) -> 7.2088377
S47: 3d | T47: =AVERAGE(T3:T5) -> -2.5211891
C48: C | D48: Error | E48: Bm | F48: Error | S48: 4d | T48: =AVERAGE(T9:T11) -> -2.8823163
B49: 3d | C49: =AVERAGE(J3:J5) -> 1.071924 | D49: =_xlfn.STDEV.S(J3:J5)/SQRT(3) -> 0.26982986 | E49: =AVERAGE(J6:J8) -> 0.54100198 | F49: =_xlfn.STDEV.S(J6:J8)/SQRT(3) -> 0.24948313 | S49: 5d | T49: =AVERAGE(T15:T17) -> -2.717255
B50: 4d | C50: =AVERAGE(J9:J11) -> 1.1336037 | D50: =_xlfn.STDEV.S(J9:J11)/SQRT(3) -> 0.38997918 | E50: =AVERAGE(J12:J14) -> 2.7102684 | F50: =_xlfn.STDEV.S(J12:J14)/SQRT(3) -> 0.88520769 | S50: 6d | T50: =AVERAGE(T21:T23) -> -2.1798738
B51: 5d | C51: =AVERAGE(J15:J17) -> 1.0730798 | D51: =_xlfn.STDEV.S(J15:J17)/SQRT(3) -> 0.28570242 | E51: =AVERAGE(J18:J20) -> 2.615539 | F51: =_xlfn.STDEV.S(J18:J20)/SQRT(3) -> 0.94523927 | S51: 7d | T51: =AVERAGE(T27:T29) -> 4.1097803
B52: 6d | C52: =AVERAGE(J21:J23) -> 1.4961464 | D52: =_xlfn.STDEV.S(J21:J23)/SQRT(3) -> 0.79720089 | E52: =AVERAGE(J24:J26) -> 1.6280495 | F52: =_xlfn.STDEV.S(J24:J26)/SQRT(3) -> 0.78687475 | O52: C | P52: Error | Q52: Bm | R52: Error | S52: 8d | T52: =AVERAGE(T33:T35) -> 4.6129793
B53: 7d | C53: =AVERAGE(J27:J29) -> 1.7341121 | D53: =_xlfn.STDEV.S(J27:J29)/SQRT(3) -> 0.89681464 | E53: =AVERAGE(J30:J32) -> 0.27839684 | F53: =_xlfn.STDEV.S(J30:J32)/SQRT(3) -> 0.1178806 | N53: 3d | O53: =AVERAGE(V3:V5) -> 1.0783917 | P53: =_xlfn.STDEV.S(V3:V5)/SQRT(3) -> 0.30634375 | Q53: =AVERAGE(V6:V8) -> 0.76071064 | R53: =_xlfn.STDEV.S(V6:V8)/SQRT(3) -> 0.11708357 | S53: 9d | T53: =AVERAGE(T39:T41) -> 4.6798178
B54: 10d | C54: =AVERAGE(J33:J35) -> 1.1223106 | D54: =_xlfn.STDEV.S(J33:J35)/SQRT(3) -> 0.33367205 | E54: =AVERAGE(J30:J32) -> 0.27839684 | F54: =_xlfn.STDEV.S(J36:J38)/SQRT(3) -> 0.29480604 | N54: 4d | O54: =AVERAGE(V9:V11) -> 1.0154289 | P54: =_xlfn.STDEV.S(V9:V11)/SQRT(3) -> 0.12384791 | Q54: =AVERAGE(V12:V14) -> 3.0060053 | R54: =_xlfn.STDEV.S(V12:V14)/SQRT(3) -> 1.2324135
N55: 5d | O55: =AVERAGE(V15:V17) -> 1.0295805 | P55: =_xlfn.STDEV.S(V15:V17)/SQRT(3) -> 0.16366018 | Q55: =AVERAGE(V18:V20) -> 1.1007732 | R55: =_xlfn.STDEV.S(V18:V20)/SQRT(3) -> 0.14893177
N56: 6d | O56: =AVERAGE(V21:V23) -> 1.034629 | P56: =_xlfn.STDEV.S(V21:V23)/SQRT(3) -> 0.19770931 | Q56: =AVERAGE(V24:V26) -> 0.86983009 | R56: =_xlfn.STDEV.S(V24:V26)/SQRT(3) -> 0.16869555
N57: 7d | O57: =AVERAGE(V27:V29) -> 1.0269701 | P57: =_xlfn.STDEV.S(V27:V29)/SQRT(3) -> 0.17370838 | Q57: =AVERAGE(V30:V32) -> 0.71452082 | R57: =_xlfn.STDEV.S(V30:V32)/SQRT(3) -> 0.4104014
N58: 8d | O58: =AVERAGE(V33:V35) -> 1.008208 | P58: =_xlfn.STDEV.S(V33:V35)/SQRT(3) -> 0.088555489 | Q58: =AVERAGE(V30:V32) -> 0.71452082 | R58: =_xlfn.STDEV.S(V36:V38)/SQRT(3) -> 0.24517007
N59: 9d | O59: =AVERAGE(V39:V41) -> 1.0360745 | P59: =_xlfn.STDEV.S(V39:V41)/SQRT(3) -> 0.19050276 | Q59: =AVERAGE(V42:V44) -> 0.69190431 | R59: =_xlfn.STDEV.S(V42:V44)/SQRT(3) -> 0.026179361
AG68: UBI | AH68: ICS | AT68: UBI | AV68: MYC2
F69: UBI | H69: LOXD | R69: UBI | T69: OPR3 | AE69: Sample | AF69: Housekeeping gene | AG69: Housekeeping gene | AH69: Gene of interest | AI69: Gene of interest | AJ69: ΔCt(Ct gene interest - Ct housekeeping gene) | AK69: ΔΔCt(ΔCt muestra - ΔCt control average) | AL69: 2^-(ΔΔCt) | AM69: Log | AR69: Sample | AS69: Housekeeping gene | AT69: Housekeeping gene | AU69: Gene of interest | AV69: Gene of interest | AW69: ΔCt(Ct gene interest - Ct housekeeping gene) | AX69: ΔΔCt(ΔCt muestra - ΔCt control average) | AY69: 2^-(ΔΔCt) | AZ69: log
D70: Sample | E70: Housekeeping gene | F70: Housekeeping gene | G70: Gene of interest | H70: Gene of interest | I70: ΔCt(Ct gene interest - Ct housekeeping gene) | J70: ΔΔCt(ΔCt muestra - ΔCt control average) | K70: 2^-(ΔΔCt) | L70: log | P70: Sample | R70: Housekeeping gene | T70: Gene of interest | U70: ΔCt(Ct gene interest - Ct housekeeping gene) | V70: ΔΔCt(ΔCt muestra - ΔCt control average) | W70: 2^-(ΔΔCt) | X70: log | AD70: C1 1d | AE70: 1 | AF70: 24.178667 | AG70: 24.034212 | AH70: 29.597382 | AI70: 28.577679 | AJ70: =(AVERAGE(AH70:AI70)-AVERAGE('Genes HOJA'!AE77:AF77)) -> 4.9539213 | AK70: =AJ70-$AG$35 -> 1.3715688 | AL70: =2^-AK70 -> 0.38647076 | AM70: =LOG(AL70,2) -> -1.3715688 | AQ70: C1 7d | AR70: 37 | AS70: 28.464661 | AT70: 28.247452 | AU70: 26.918276 | AV70: 26.943851 | AW70: =(AVERAGE(AU70:AV70)-AVERAGE(AS70:AT70)) -> -1.4249926 | AX70: =AW70-$H$25 -> -1.5767288 | AY70: =2^-AX70 -> 2.9829273 | AZ70: =LOG(AY70,2) -> 1.5767288
C71: C1 3d | D71: 13 | E71: 21.284868 | F71: 21.90947 | G71: 23.373026 | H71: 23.521111 | I71: =(AVERAGE(G71:H71)-AVERAGE(E71:F71)) -> 1.8498993 | J71: =I71-$I$115 -> 0.58297094 | K71: =2^-J71 -> 0.6675876 | O71: C1 3d | P71: 13 | Q71: 21.284868 | R71: 21.90947 | S71: 19.613838 | T71: 19.181236 | U71: =(AVERAGE(S71:T71)-AVERAGE(Q71:R71)) -> -2.1996317 | V71: =U71-$U$115 -> 0.460742 | W71: =2^-V71 -> 0.72661246 | AD71: C2 1d | AE71: 2 | AF71: 28.874662 | AG71: 29.076265 | AH71: 28.978958 | AI71: 27.349375 | AJ71: =(AVERAGE(AH71:AI71)-AVERAGE('Genes HOJA'!AE78:AF78)) -> 4.13204 | AK71: =AJ71-$AG$35 -> 0.54968754 | AL71: =2^-AK71 -> 0.68316807 | AM71: =LOG(AL71,2) -> -0.54968754 | AQ71: C2 7d | AR71: 38 | AS71: 26.077717 | AT71: 26.038031 | AU71: 24.149679 | AV71: 24.083376 | AW71: =(AVERAGE(AU71:AV71)-AVERAGE(AS71:AT71)) -> -1.9413462 | AX71: =AW71-$H$25 -> -2.0930824 | AY71: =2^-AX71 -> 4.2665869 | AZ71: =LOG(AY71,2) -> 2.0930824
C72: C2 3d | D72: 14 | E72: 24.800493 | F72: 24.307314 | G72: 26.72093 | H72: 24.680517 | I72: =(AVERAGE(G72:H72)-AVERAGE(E72:F72)) -> 1.1468201 | J72: =I72-$I$115 -> -0.12010829 | K72: =2^-J72 -> 1.0868164 | O72: C2 3d | P72: 14 | Q72: 24.800493 | R72: 24.307314 | S72: 21.626814 | T72: 20.894907 | U72: =(AVERAGE(S72:T72)-AVERAGE(Q72:R72)) -> -3.2930431 | V72: =U72-$U$115 -> -0.63266945 | W72: =2^-V72 -> 1.5504311 | AD72: C3 1d | AE72: 3 | AF72: 28.219648 | AG72: 28.356606 | AH72: 26.972912 | AI72: 27.860636 | AJ72: =(AVERAGE(AH72:AI72)-AVERAGE('Genes HOJA'!AE79:AF79)) -> 3.2579441 | AK72: =AJ72-$AG$35 -> -0.32440837 | AL72: =2^-AK72 -> 1.2521508 | AM72: =LOG(AL72,2) -> 0.32440837 | AQ72: C3 7d | AR72: 39 | AS72: 25.821272 | AT72: 25.893803 | AU72: 24.111958 | AV72: 24.16404 | AW72: =(AVERAGE(AU72:AV72)-AVERAGE(AS72:AT72)) -> -1.7195387 | AX72: =AW72-$H$25 -> -1.8712749 | AY72: =2^-AX72 -> 3.6585575 | AZ72: =LOG(AY72,2) -> 1.8712749
C73: C3 3d | D73: 15 | E73: 22.700411 | F73: 21.75625 | G73: 23.224051 | H73: 22.840742 | I73: =(AVERAGE(G73:H73)-AVERAGE(E73:F73)) -> 0.8040657 | J73: =I73-$I$115 -> -0.46286265 | K73: =2^-J73 -> 1.3782739 | O73: C3 3d | P73: 15 | Q73: 22.700411 | R73: 21.75625 | S73: 19.684675 | T73: 19.795094 | U73: =(AVERAGE(S73:T73)-AVERAGE(Q73:R73)) -> -2.4884462 | V73: =U73-$U$115 -> 0.17192745 | W73: =2^-V73 -> 0.88765597 | AD73: Bm 1 1d | AE73: 4 | AF73: 29.816877 | AG73: 29.626154 | AH73: 28.039314 | AI73: 28.311747 | AJ73: =(AVERAGE(AH73:AI73)-AVERAGE('Genes HOJA'!AE80:AF80)) -> 3.9070616 | AK73: =AJ73-$AG$35 -> 0.3247091 | AL73: =2^-AK73 -> 0.79845937 | AM73: =LOG(AL73,2) -> -0.3247091 | AQ73: Bm 1 7d | AR73: 40 | AS73: 23.456049 | AT73: 23.970488 | AU73: 22.913095 | AV73: 23.036961 | AW73: =(AVERAGE(AU73:AV73)-AVERAGE(AS73:AT73)) -> -0.73824024 | AX73: =AW73-$H$25 -> -0.8899765 | AY73: =2^-AX73 -> 1.8531459 | AZ73: =LOG(AY73,2) -> 0.8899765
C74: Bm 1 3d | D74: 16 | E74: 23.723972 | F74: 23.676178 | G74: 26.621056 | H74: 26.460815 | I74: =(AVERAGE(G74:H74)-AVERAGE(E74:F74)) -> 2.8408604 | J74: =I74-$I$115 -> 1.573932 | K74: =2^-J74 -> 0.33589169 | O74: Bm 1 3d | P74: 16 | Q74: 23.723972 | R74: 23.676178 | S74: 20.653175 | T74: 20.583921 | U74: =(AVERAGE(S74:T74)-AVERAGE(Q74:R74)) -> -3.0815268 | V74: =U74-$U$115 -> -0.42115307 | W74: =2^-V74 -> 1.3389973 | AD74: Bm2 1d | AE74: 5 | AF74: 32.802696 | AG74: 32.920795 | AH74: 30.757711 | AI74: 30.088791 | AJ74: =(AVERAGE(AH74:AI74)-AVERAGE('Genes HOJA'!AE81:AF81)) -> 5.793499 | AK74: =AJ74-$AG$35 -> 2.2111465 | AL74: =2^-AK74 -> 0.21596261 | AM74: =LOG(AL74,2) -> -2.2111465 | AQ74: Bm2 7d | AR74: 41 | AS74: 24.723295 | AT74: 24.641563 | AU74: 24.109497 | AV74: 23.957035 | AW74: =(AVERAGE(AU74:AV74)-AVERAGE(AS74:AT74)) -> -0.64916325 | AX74: =AW74-$H$25 -> -0.80089951 | AY74: =2^-AX74 -> 1.742187 | AZ74: =LOG(AY74,2) -> 0.80089951
C75: Bm2 3d | D75: 17 | E75: 22.567633 | F75: 21.779718 | G75: 24.655251 | H75: 23.449986 | I75: =(AVERAGE(G75:H75)-AVERAGE(E75:F75)) -> 1.8789425 | J75: =I75-$I$115 -> 0.61201413 | K75: =2^-J75 -> 0.65428263 | O75: Bm2 3d | P75: 17 | Q75: 22.567633 | R75: 21.779718 | S75: 19.605207 | T75: 19.743799 | U75: =(AVERAGE(S75:T75)-AVERAGE(Q75:R75)) -> -2.4991722 | V75: =U75-$U$115 -> 0.16120148 | W75: =2^-V75 -> 0.89428 | AD75: Bm 3 1d | AE75: 6 | AF75: 32.298519 | AG75: 32.154793 | AH75: 28.538774 | AI75: 28.614933 | AJ75: =(AVERAGE(AH75:AI75)-AVERAGE('Genes HOJA'!AE82:AF82)) -> 4.7556381 | AK75: =AJ75-$AG$35 -> 1.1732856 | AL75: =2^-AK75 -> 0.44341035 | AM75: =LOG(AL75,2) -> -1.1732856 | AQ75: Bm 3 7d | AR75: 42 | AS75: 28.54871 | AT75: 23.96401 | AU75: 22.925621 | AV75: 22.847755 | AW75: =(AVERAGE(AU75:AV75)-AVERAGE(AS75:AT75)) -> -3.3696718 | AX75: =AW75-$H$25 -> -3.5214081 | AY75: =2^-AX75 -> 11.482844 | AZ75: =LOG(AY75,2) -> 3.5214081
C76: Bm 3 3d | D76: 18 | E76: 24.220592 | F76: 23.63673 | G76: 25.48745 | H76: 25.427542 | I76: =(AVERAGE(G76:H76)-AVERAGE(E76:F76)) -> 1.5288343 | J76: =I76-$I$115 -> 0.26190599 | K76: =2^-J76 -> 0.83398539 | O76: Bm 3 3d | P76: 18 | Q76: 24.220592 | R76: 23.63673 | S76: 21.99194 | T76: 21.239626 | U76: =(AVERAGE(S76:T76)-AVERAGE(Q76:R76)) -> -2.3128786 | V76: =U76-$U$115 -> 0.34749508 | W76: =2^-V76 -> 0.78594754 | AD76: C1 3d | AE76: 13 | AF76: 25.936707 | AG76: 25.985653 | AH76: 30.38427 | AI76: 28.845123 | AJ76: =(AVERAGE(AH76:AI76)-AVERAGE('Genes HOJA'!AE83:AF83)) -> 6.1113939 | AK76: =AJ76-$AG$36 -> 0.17547353 | AL76: =2^-AK76 -> 0.88547683 | AM76: =LOG(AL76,2) -> -0.17547353 | AQ76: C1 8d | AR76: 43 | AS76: 24.271868 | AT76: 23.987946 | AU76: 23.698895 | AV76: 22.256195 | AW76: =(AVERAGE(AU76:AV76)-AVERAGE(AS76:AT76)) -> -1.1523619 | AX76: =AW76-$H$26 -> 0.23948574 | AY76: =2^-AX76 -> 0.84704719 | AZ76: =LOG(AY76,2) -> -0.23948574
C77: C1 4d R | D77: 19R | E77: 19.815937 | F77: 16.608829 | G77: 20.578234 | H77: 19.895571 | I77: =(AVERAGE(G77:H77)-AVERAGE(E77:F77)) -> 2.024519 | J77: =I77-$I$116 -> 1.7539495 | K77: =2^-J77 -> 0.29648901 | O77: C1 4d R | P77: 19R | Q77: 19.815937 | S77: 17.160328 | T77: 16.950373 | U77: =(AVERAGE(S77:T77)-AVERAGE(Q77:R77)) -> -2.7605867 | V77: =U77-$U$116 -> -0.26543585 | W77: =2^-V77 -> 1.2019991 | AD77: C2 3d | AE77: 14 | AF77: 27.826033 | AG77: 27.974365 | AH77: 27.827814 | AI77: 27.808983 | AJ77: =(AVERAGE(AH77:AI77)-AVERAGE('Genes HOJA'!AE84:AF84)) -> 4.6532087 | AK77: =AJ77-$AG$36 -> -1.2827117 | AL77: =2^-AK77 -> 2.4329584 | AM77: =LOG(AL77,2) -> 1.2827117 | AQ77: C2 8d | AR77: 44 | AS77: 24.207024 | AT77: 24.640312 | AU77: 23.646626 | AV77: 23.318346 | AW77: =(AVERAGE(AU77:AV77)-AVERAGE(AS77:AT77)) -> -0.94118214 | AX77: =AW77-$H$26 -> 0.45066547 | AY77: =2^-AX77 -> 0.73170526 | AZ77: =LOG(AY77,2) -> -0.45066547
C78: C2 4d R | D78: 20R | E78: 19.375036 | F78: 21.857367 | G78: 19.618622 | H78: 19.929195 | I78: =(AVERAGE(G78:H78)-AVERAGE(E78:F78)) -> -0.84229279 | J78: =I78-$I$116 -> -1.1128623 | K78: =2^-J78 -> 2.162743 | O78: C2 4d R | P78: 20R | Q78: 19.375036 | R78: 21.857367 | S78: 17.818682 | T78: 17.715719 | U78: =(AVERAGE(S78:T78)-AVERAGE(Q78:R78)) -> -2.8490009 | V78: =U78-$U$116 -> -0.35385005 | W78: =2^-V78 -> 1.2779665 | AD78: C3 3d | AE78: 15 | AF78: 25.86652 | AG78: 25.534645 | AH78: 27.691833 | AI78: 28.981197 | AJ78: =(AVERAGE(AH78:AI78)-AVERAGE('Genes HOJA'!AE85:AF85)) -> 6.1198168 | AK78: =AJ78-$AG$36 -> 0.18389638 | AL78: =2^-AK78 -> 0.88032224 | AM78: =LOG(AL78,2) -> -0.18389638 | AQ78: C3 8d | AR78: 45 | AS78: 24.478331 | AT78: 24.568014 | AU78: 24.891016 | AV78: 24.59692 | AW78: =(AVERAGE(AU78:AV78)-AVERAGE(AS78:AT78)) -> 0.22079563 | AX78: =AW78-$H$26 -> 1.6126432 | AY78: =2^-AX78 -> 0.32699869 | AZ78: =LOG(AY78,2) -> -1.6126432
C79: C3 4d R | D79: 21R | E79: 21.73431 | F79: 19.444178 | G79: 20.230547 | H79: 20.206905 | I79: =(AVERAGE(G79:H79)-AVERAGE(E79:F79)) -> -0.37051773 | J79: =I79-$I$116 -> -0.64108721 | K79: =2^-J79 -> 1.559504 | O79: C3 4d R | P79: 21R | R79: 19.444178 | S79: 17.797401 | T79: 17.339224 | U79: =(AVERAGE(S79:T79)-AVERAGE(Q79:R79)) -> -1.875865 | V79: =U79-$U$116 -> 0.6192859 | W79: =2^-V79 -> 0.65099307 | AD79: Bm 1 3d | AE79: 16 | AF79: 27.283602 | AG79: 27.191221 | AH79: 33.462391 | AI79: 31.444431 | AJ79: =(AVERAGE(AH79:AI79)-AVERAGE('Genes HOJA'!AE86:AF86)) -> 10.799537 | AK79: =AJ79-$AG$36 -> 4.8636163 | AL79: =2^-AK79 -> 0.034348328 | AM79: =LOG(AL79,2) -> -4.8636163 | AQ79: Bm 1 8d | AR79: 46 | AS79: 24.430946 | AT79: 23.775471 | AU79: 23.441145 | AV79: 23.850735 | AW79: =(AVERAGE(AU79:AV79)-AVERAGE(AS79:AT79)) -> -0.45726871 | AX79: =AW79-$H$26 -> 0.9345789 | AY79: =2^-AX79 -> 0.52319516 | AZ79: =LOG(AY79,2) -> -0.9345789
C80: Bm 1 4d R | D80: 22R | E80: 25.797535 | F80: 21.927578 | G80: 24.542383 | H80: 23.920546 | I80: =(AVERAGE(G80:H80)-AVERAGE(E80:F80)) -> 0.36890793 | J80: =I80-$I$116 -> 0.098338445 | K80: =2^-J80 -> 0.93410819 | O80: Bm 1 4d R | P80: 22R | R80: 21.927578 | S80: 21.464918 | T80: 22.240808 | U80: =(AVERAGE(S80:T80)-AVERAGE(Q80:R80)) -> -0.074714661 | V80: =U80-$U$116 -> 2.4204362 | W80: =2^-V80 -> 0.18679967 | AD80: Bm2 3d | AE80: 17 | AF80: 27.121788 | AG80: 25.903133 | AH80: 29.520857 | AI80: 29.037161 | AJ80: =(AVERAGE(AH80:AI80)-AVERAGE('Genes HOJA'!AE87:AF87)) -> 4.5869923 | AK80: =AJ80-$AG$36 -> -1.3489281 | AL80: =2^-AK80 -> 2.5472281 | AM80: =LOG(AL80,2) -> 1.3489281 | AQ80: Bm2 8d | AR80: 47 | AS80: 24.132528 | AT80: 23.887575 | AU80: 23.198938 | AV80: 22.911041 | AW80: =(AVERAGE(AU80:AV80)-AVERAGE(AS80:AT80)) -> -0.95506191 | AX80: =AW80-$H$26 -> 0.4367857 | AY80: =2^-AX80 -> 0.73877876 | AZ80: =LOG(AY80,2) -> -0.4367857
C81: Bm2 4d R | D81: 23R | E81: 22.306347 | F81: 19.968174 | G81: 20.845633 | H81: 21.118565 | I81: =(AVERAGE(G81:H81)-AVERAGE(E81:F81)) -> -0.15516186 | J81: =I81-$I$116 -> -0.42573134 | K81: =2^-J81 -> 1.3432533 | O81: Bm2 4d R | P81: 23R | Q81: 22.306347 | R81: 19.968174 | T81: 18.456825 | U81: =(AVERAGE(S81:T81)-AVERAGE(Q81:R81)) -> -2.6804352 | V81: =U81-$U$116 -> -0.1852843 | W81: =2^-V81 -> 1.137041 | AD81: Bm 3 3d | AE81: 18 | AF81: 27.844719 | AG81: 27.873028 | AH81: 29.445469 | AI81: 28.585978 | AJ81: =(AVERAGE(AH81:AI81)-AVERAGE('Genes HOJA'!AE88:AF88)) -> 4.6494274 | AK81: =AJ81-$AG$36 -> -1.286493 | AL81: =2^-AK81 -> 2.4393436 | AM81: =LOG(AL81,2) -> 1.286493 | AQ81: Bm 3 8d | AR81: 48 | AS81: 26.401253 | AT81: 26.482845 | AU81: 25.93745 | AV81: 25.268019 | AW81: =(AVERAGE(AU81:AV81)-AVERAGE(AS81:AT81)) -> -0.83931446 | AX81: =AW81-$H$26 -> 0.55253315 | AY81: =2^-AX81 -> 0.6818219 | AZ81: =LOG(AY81,2) -> -0.55253315
C82: Bm 3 4d R | D82: 24R | E82: 21.577007 | F82: 18.911455 | G82: 22.438375 | H82: 21.577345 | I82: =(AVERAGE(G82:H82)-AVERAGE(E82:F82)) -> 1.763629 | J82: =I82-$I$116 -> 1.4930595 | K82: =2^-J82 -> 0.35525836 | O82: Bm 3 4d R | P82: 24R | Q82: 21.577007 | R82: 18.911455 | S82: 18.352755 | T82: 19.399916 | U82: =(AVERAGE(S82:T82)-AVERAGE(Q82:R82)) -> -1.3678961 | V82: =U82-$U$116 -> 1.1272548 | W82: =2^-V82 -> 0.45778598 | AD82: C1 5d | AE82: 25 | AF82: 24.894835 | AG82: 24.818102 | AH82: 28.414457 | AI82: 28.175652 | AJ82: =(AVERAGE(AH82:AI82)-AVERAGE(AF82:AG82)) -> 3.4385862 | AK82: =AJ82-$AG$37 -> -3.5770295 | AL82: =2^-AK82 -> 11.934197 | AM82: =LOG(AL82,2) -> 3.5770295 | AQ82: C1 9d | AR82: 49 | AS82: 24.557198 | AT82: 24.816132 | AU82: 23.540491 | AV82: 23.180973 | AW82: =(AVERAGE(AU82:AV82)-AVERAGE(AS82:AT82)) -> -1.3259325 | AX82: =AW82-$H$27 -> -8.4463844 | AY82: =2^-AX82 -> 348.831 | AZ82: =LOG(AY82,2) -> 8.4463844
C83: C1 5d | D83: 25 | E83: 19.915728 | F83: 20.202024 | G83: 29.553358 | H83: 27.764248 | I83: =(AVERAGE(G83:H83)-AVERAGE(E83:F83)) -> 8.5999269 | J83: =I83-$I$117 -> 0.6169246 | K83: =2^-J83 -> 0.65205944 | L83: =LOG(K83,2) -> -0.6169246 | O83: C1 5d | P83: 25 | Q83: 19.915728 | R83: 20.202024 | S83: 18.270388 | T83: 18.349541 | U83: =(AVERAGE(S83:T83)-AVERAGE(Q83:R83)) -> -1.7489119 | V83: =U83-$U$117 -> -0.28246975 | W83: =2^-V83 -> 1.2162752 | AD83: C2 5d | AE83: 26 | AF83: 25.151258 | AG83: 24.412838 | AH83: 28.629374 | AI83: 28.780123 | AJ83: =(AVERAGE(AH83:AI83)-AVERAGE(AF83:AG83)) -> 3.9226999 | AK83: =AJ83-$AG$37 -> -3.0929159 | AL83: =2^-AK83 -> 8.5321886 | AM83: =LOG(AL83,2) -> 3.0929159 | AQ83: C2 9d | AR83: 50 | AS83: 25.651039 | AT83: 25.406616 | AU83: 24.362352 | AV83: 24.237541 | AW83: =(AVERAGE(AU83:AV83)-AVERAGE(AS83:AT83)) -> -1.2288809 | AX83: =AW83-$H$27 -> -8.3493328 | AY83: =2^-AX83 -> 326.13666 | AZ83: =LOG(AY83,2) -> 8.3493328
C84: C2 5d | D84: 26 | E84: 19.67424 | F84: 19.620489 | G84: 27.973469 | H84: 27.581432 | I84: =(AVERAGE(G84:H84)-AVERAGE(E84:F84)) -> 8.1300859 | J84: =I84-$I$117 -> 0.1470836 | K84: =2^-J84 -> 0.90307418 | L84: =LOG(K84,2) -> -0.1470836 | O84: C2 5d | P84: 26 | Q84: 19.67424 | R84: 19.620489 | S84: 18.82439 | T84: 18.718998 | U84: =(AVERAGE(S84:T84)-AVERAGE(Q84:R84)) -> -0.87567043 | V84: =U84-$U$117 -> 0.59077168 | W84: =2^-V84 -> 0.66398766 | AD84: C3 5d | AE84: 27 | AF84: 26.410084 | AG84: 25.912344 | AH84: 29.827919 | AI84: 28.252962 | AJ84: =(AVERAGE(AH84:AI84)-AVERAGE(AF84:AG84)) -> 2.8792267 | AK84: =AJ84-$AG$37 -> -4.1363891 | AL84: =2^-AK84 -> 17.58641 | AM84: =LOG(AL84,2) -> 4.1363891 | AQ84: C3 9d | AR84: 51 | AS84: 24.690805 | AT84: 24.4144 | AU84: 23.726654 | AV84: 23.944592 | AW84: =(AVERAGE(AU84:AV84)-AVERAGE(AS84:AT84)) -> -0.71697998 | AX84: =AW84-$H$27 -> -7.8374319 | AY84: =2^-AX84 -> 228.71892 | AZ84: =LOG(AY84,2) -> 7.8374319
C85: C3 5d | D85: 27 | E85: 21.640522 | F85: 21.428911 | G85: 29.353113 | H85: 28.154308 | I85: =(AVERAGE(G85:H85)-AVERAGE(E85:F85)) -> 7.2189941 | J85: =I85-$I$117 -> -0.7640082 | K85: =2^-J85 -> 1.6982021 | L85: =LOG(K85,2) -> 0.7640082 | O85: C3 5d | P85: 27 | Q85: 21.640522 | R85: 21.428911 | S85: 19.747772 | T85: 19.772173 | U85: =(AVERAGE(S85:T85)-AVERAGE(Q85:R85)) -> -1.774744 | V85: =U85-$U$117 -> -0.30830193 | W85: =2^-V85 -> 1.2382494 | AD85: Bm 1 5d | AE85: 28 | AF85: 24.918219 | AG85: 23.806465 | AH85: 30.248966 | AI85: 28.047705 | AJ85: =(AVERAGE(AH85:AI85)-AVERAGE(AF85:AG85)) -> 4.7859936 | AK85: =AJ85-$AG$37 -> -2.2296222 | AL85: =2^-AK85 -> 4.6901114 | AM85: =LOG(AL85,2) -> 2.2296222 | AQ85: Bm 1 9d | AR85: 52 | AS85: 26.175791 | AT85: 26.606503 | AU85: 25.402443 | AV85: 24.688053 | AW85: =(AVERAGE(AU85:AV85)-AVERAGE(AS85:AT85)) -> -1.3458986 | AX85: =AW85-$H$27 -> -8.4663506 | AY85: =2^-AX85 -> 353.69219 | AZ85: =LOG(AY85,2) -> 8.4663506
C86: Bm 1 5d | D86: 28 | E86: 20.238741 | F86: 20.211931 | G86: 28.178015 | H86: 27.013546 | I86: =(AVERAGE(G86:H86)-AVERAGE(E86:F86)) -> 7.3704443 | J86: =I86-$I$117 -> -0.61255805 | K86: =2^-J86 -> 1.5289678 | L86: =LOG(K86,2) -> 0.61255805 | O86: Bm 1 5d | P86: 28 | Q86: 20.238741 | R86: 20.211931 | S86: 18.272095 | T86: 18.367222 | U86: =(AVERAGE(S86:T86)-AVERAGE(Q86:R86)) -> -1.9056778 | V86: =U86-$U$117 -> -0.43923569 | W86: =2^-V86 -> 1.3558858 | AD86: Bm2 5d | AE86: 29 | AF86: 27.83271 | AG86: 27.472181 | AH86: 27.922695 | AI86: 28.357687 | AJ86: =(AVERAGE(AH86:AI86)-AVERAGE(AF86:AG86)) -> 0.48774529 | AK86: =AJ86-$AG$37 -> -6.5278705 | AL86: =2^-AK86 -> 92.275164 | AM86: =LOG(AL86,2) -> 6.5278705 | AQ86: Bm2 9d | AR86: 53 | AS86: 25.962267 | AT86: 26.004446 | AU86: 23.826967 | AV86: 23.657017 | AW86: =(AVERAGE(AU86:AV86)-AVERAGE(AS86:AT86)) -> -2.2413645 | AX86: =AW86-$H$27 -> -9.3618164 | AY86: =2^-AX86 -> 657.94191 | AZ86: =LOG(AY86,2) -> 9.3618164
C87: Bm2 5d | D87: 29 | E87: 23.880186 | F87: 24.139803 | G87: 28.107157 | H87: 29.741829 | I87: =(AVERAGE(G87:H87)-AVERAGE(E87:F87)) -> 4.9144983 | J87: =I87-$I$117 -> -3.068504 | K87: =2^-J87 -> 8.3890301 | L87: =LOG(K87,2) -> 3.068504 | O87: Bm2 5d | P87: 29 | Q87: 23.880186 | R87: 24.139803 | S87: 21.148245 | T87: 20.500769 | U87: =(AVERAGE(S87:T87)-AVERAGE(Q87:R87)) -> -3.1854877 | V87: =U87-$U$117 -> -1.7190456 | W87: =2^-V87 -> 3.2921855 | AD87: Bm 3 5d | AE87: 30 | AF87: 26.808563 | AG87: 27.07412 | AH87: 27.968351 | AI87: 27.54007 | AJ87: =(AVERAGE(AH87:AI87)-AVERAGE(AF87:AG87)) -> 0.81286907 | AK87: =AJ87-$AG$37 -> -6.2027467 | AL87: =2^-AK87 -> 73.656795 | AM87: =LOG(AL87,2) -> 6.2027467 | AQ87: Bm 3 9d | AR87: 54 | AS87: 28.795483 | AT87: 29.09601 | AU87: 29.151505 | AV87: 28.995268 | AW87: =(AVERAGE(AU87:AV87)-AVERAGE(AS87:AT87)) -> 0.12763977 | AX87: =AW87-$H$27 -> -6.9928122 | AY87: =2^-AX87 -> 127.36386 | AZ87: =LOG(AY87,2) -> 6.9928122
C88: Bm 3 5d | D88: 30 | E88: 21.847355 | F88: 21.626711 | G88: 27.537342 | H88: 27.78006 | I88: =(AVERAGE(G88:H88)-AVERAGE(E88:F88)) -> 5.9216681 | J88: =I88-$I$117 -> -2.0613343 | K88: =2^-J88 -> 4.1737214 | L88: =LOG(K88,2) -> 2.0613343 | O88: Bm 3 5d | P88: 30 | Q88: 21.847355 | R88: 21.626711 | S88: 19.995136 | T88: 19.926102 | U88: =(AVERAGE(S88:T88)-AVERAGE(Q88:R88)) -> -1.7764139 | V88: =U88-$U$117 -> -0.30997181 | W88: =2^-V88 -> 1.2396835 | AD88: C1 7d | AE88: 37 | AF88: 28.464661 | AG88: 28.247452 | AH88: 29.159986 | AI88: 29.227072 | AJ88: =(AVERAGE(AH88:AI88)-AVERAGE(AF88:AG88)) -> 0.83747292 | AK88: =AJ88-$AG$38 -> -6.7805791 | AL88: =2^-AK88 -> 109.9405 | AM88: =LOG(AL88,2) -> 6.7805791
C89: C1 6d R | D89: 31R | E89: 20.90876 | F89: 20.090328 | G89: 20.757713 | H89: 21.118784 | I89: =(AVERAGE(G89:H89)-AVERAGE(E89:F89)) -> 0.43870449 | J89: =I89-$I$118 -> -0.20312087 | K89: =2^-J89 -> 1.1511859 | O89: C1 6d R | P89: 31R | Q89: 20.90876 | R89: 20.090328 | S89: 17.396368 | T89: 16.521559 | U89: =(AVERAGE(S89:T89)-AVERAGE(Q89:R89)) -> -3.5405807 | V89: =U89-$U$118 -> -1.7263362 | W89: =2^-V89 -> 3.3088644 | AD89: C2 7d | AE89: 38 | AF89: 26.077717 | AG89: 26.038031 | AH89: 29.499912 | AI89: 28.750668 | AJ89: =(AVERAGE(AH89:AI89)-AVERAGE(AF89:AG89)) -> 3.0674162 | AK89: =AJ89-$AG$38 -> -4.5506358 | AL89: =2^-AK89 -> 23.435697 | AM89: =LOG(AL89,2) -> 4.5506358
C90: C2 6d R | D90: 32R | E90: 17.307545 | F90: 18.863682 | G90: 19.27597 | H90: 19.196959 | I90: =(AVERAGE(G90:H90)-AVERAGE(E90:F90)) -> 1.1508512 | J90: =I90-$I$118 -> 0.50902589 | K90: =2^-J90 -> 0.70269674 | O90: C2 6d R | P90: 32R | Q90: 17.307545 | R90: 18.863682 | S90: 17.689426 | T90: 16.776361 | U90: =(AVERAGE(S90:T90)-AVERAGE(Q90:R90)) -> -0.85271931 | V90: =U90-$U$118 -> 0.96152528 | W90: =2^-V90 -> 0.51351372 | AD90: C3 7d | AE90: 39 | AF90: 25.821272 | AG90: 25.893803 | AH90: 31.566387 | AI90: 29.926632 | AJ90: =(AVERAGE(AH90:AI90)-AVERAGE(AF90:AG90)) -> 4.8889723 | AK90: =AJ90-$AG$38 -> -2.7290797 | AL90: =AVERAGE(AL88:AL89) -> 66.688097 | AM90: =LOG(AL90,2) -> 6.0593574
C91: C3 6d R | D91: 33R | E91: 18.830658 | F91: 18.962851 | G91: 19.756817 | H91: 18.708532 | I91: =(AVERAGE(G91:H91)-AVERAGE(E91:F91)) -> 0.33592033 | J91: =I91-$I$118 -> -0.30590502 | K91: =2^-J91 -> 1.2361939 | O91: C3 6d R | P91: 33R | Q91: 18.830658 | R91: 18.962851 | S91: 18.30587 | T91: 17.388771 | U91: =(AVERAGE(S91:T91)-AVERAGE(Q91:R91)) -> -1.0494337 | V91: =U91-$U$118 -> 0.76481088 | W91: =2^-V91 -> 0.58853051 | AD91: Bm 1 7d | AE91: 40 | AF91: 23.456049 | AG91: 23.970488 | AH91: 28.7008 | AI91: 28.764259 | AJ91: =(AVERAGE(AH91:AI91)-AVERAGE(AF91:AG91)) -> 5.0192614 | AK91: =AJ91-$AG$38 -> -2.5987906 | AL91: =2^-AK91 -> 6.0577861 | AM91: =LOG(AL91,2) -> 2.5987906
C92: Bm 1 6d R | D92: 34R | E92: 18.89666 | F92: 15.871527 | G92: 20.777485 | H92: 21.595984 | I92: =(AVERAGE(G92:H92)-AVERAGE(E92:F92)) -> 3.8026409 | J92: =I92-$I$118 -> 3.1608156 | K92: =2^-J92 -> 0.11181491 | O92: Bm 1 6d R | P92: 34R | Q92: 18.89666 | R92: 15.871527 | S92: 17.685345 | T92: 18.469688 | U92: =(AVERAGE(S92:T92)-AVERAGE(Q92:R92)) -> 0.69342327 | V92: =U92-$U$118 -> 2.5076679 | W92: =2^-V92 -> 0.17583963 | AD92: Bm2 7d | AE92: 41 | AF92: 24.723295 | AG92: 24.641563 | AH92: 29.955465 | AI92: 27.877138 | AJ92: =(AVERAGE(AH92:AI92)-AVERAGE(AF92:AG92)) -> 4.2338724 | AK92: =AJ92-$AG$38 -> -3.3841796 | AL92: =2^-AK92 -> 10.440939 | AM92: =LOG(AL92,2) -> 3.3841796 | AV92: 5d | AW92: =AVERAGE(AW70:AW72) -> -1.6952925
C93: Bm2 6d R | D93: 35R | E93: 16.763273 | F93: 16.163143 | G93: 19.231018 | H93: 19.487616 | I93: =(AVERAGE(G93:H93)-AVERAGE(E93:F93)) -> 2.8961086 | J93: =I93-$I$118 -> 2.2542833 | K93: =2^-J93 -> 0.20960089 | O93: Bm2 6d R | P93: 35R | Q93: 16.763273 | R93: 16.163143 | S93: 17.442348 | T93: 18.385933 | U93: =(AVERAGE(S93:T93)-AVERAGE(Q93:R93)) -> 1.4509325 | V93: =U93-$U$118 -> 3.2651771 | W93: =2^-V93 -> 0.10401207 | AD93: Bm 3 7d | AE93: 42 | AF93: 28.54871 | AG93: 23.96401 | AH93: 29.284336 | AI93: 29.053307 | AJ93: =(AVERAGE(AH93:AI93)-AVERAGE(AF93:AG93)) -> 2.9124613 | AK93: =AJ93-$AG$38 -> -4.7055907 | AL93: =2^-AK93 -> 26.092996 | AM93: =LOG(AL93,2) -> 4.7055907 | AV93: 7d | AW93: =AVERAGE(AW76:AW78) -> -0.62424946
C94: Bm 3 6d R | D94: 36R | E94: 19.790894 | F94: 16.724653 | G94: 19.263929 | H94: 19.411421 | I94: =(AVERAGE(G94:H94)-AVERAGE(E94:F94)) -> 1.0799017 | J94: =I94-$I$118 -> 0.43807634 | K94: =2^-J94 -> 0.73811815 | O94: Bm 3 6d R | P94: 36R | Q94: 19.790894 | R94: 16.724653 | S94: 17.860683 | T94: 18.964962 | U94: =(AVERAGE(S94:T94)-AVERAGE(Q94:R94)) -> 0.15504932 | V94: =U94-$U$118 -> 1.9692939 | W94: =2^-V94 -> 0.25537799 | AD94: C1 9d | AE94: 49 | AF94: 24.557198 | AG94: 24.816132 | AH94: 29.994661 | AI94: 29.422617 | AJ94: =(AVERAGE(AH94:AI94)-AVERAGE(AF94:AG94)) -> 5.0219746 | AK94: =AJ94-$AG$39 -> -4.657088 | AL94: =2^-AK94 -> 25.230344 | AM94: =LOG(AL94,2) -> 4.657088 | AV94: 10d | AW94: =AVERAGE(AW82:AW84) -> -1.0905978
C95: C1 7d | D95: 37 | E95: 22.63936 | F95: 20.842739 | G95: 30.548727 | H95: 30.980797 | I95: =(AVERAGE(G95:H95)-AVERAGE(E95:F95)) -> 9.0237122 | J95: =I95-$I$119 -> 3.442042 | K95: =2^-J95 -> 0.092011498 | O95: C1 7d | P95: 37 | Q95: 22.63936 | R95: 20.842739 | S95: 27.015242 | T95: 27.580282 | U95: =(AVERAGE(S95:T95)-AVERAGE(Q95:R95)) -> 5.5567122 | V95: =U95-$U$119 -> 0.1454703 | W95: =2^-V95 -> 0.90408461 | AD95: C2 9d | AE95: 50 | AF95: 25.651039 | AG95: 25.406616 | AH95: 30.059212 | AI95: 29.02412 | AJ95: =(AVERAGE(AH95:AI95)-AVERAGE(AF95:AG95)) -> 4.0128384 | AK95: =AJ95-$AG$39 -> -5.6662242 | AL95: =2^-AK95 -> 50.781256 | AM95: =LOG(AL95,2) -> 5.6662242
C96: C2 7d | D96: 38 | E96: 21.157871 | F96: 20.422848 | G96: 25.081198 | H96: 25.104053 | I96: =(AVERAGE(G96:H96)-AVERAGE(E96:F96)) -> 4.3022661 | J96: =I96-$I$119 -> -1.279404 | K96: =2^-J96 -> 2.4273868 | O96: C2 7d | P96: 38 | Q96: 21.157871 | R96: 20.422848 | S96: 26.959961 | T96: 26.244173 | U96: =(AVERAGE(S96:T96)-AVERAGE(Q96:R96)) -> 5.8117075 | V96: =U96-$U$119 -> 0.40046565 | W96: =2^-V96 -> 0.75761371 | AD96: C3 9d | AE96: 51 | AF96: 24.690805 | AG96: 24.4144 | AH96: 29.964705 | AI96: 30.704716 | AJ96: =(AVERAGE(AH96:AI96)-AVERAGE(AF96:AG96)) -> 5.7821074 | AK96: =AJ96-$AG$39 -> -3.8969552 | AL96: =2^-AK96 -> 14.897054 | AM96: =LOG(AL96,2) -> 3.8969552 | AR96: C | AS96: Error | AT96: Bm | AU96: Error
C97: C3 7d | D97: 39 | E97: 20.917742 | F97: 21.402065 | G97: 24.143505 | H97: 25.014366 | I97: =(AVERAGE(G97:H97)-AVERAGE(E97:F97)) -> 3.4190321 | J97: =I97-$I$119 -> -2.162638 | K97: =2^-J97 -> 4.4773281 | O97: C3 7d | P97: 39 | Q97: 20.917742 | R97: 21.402065 | S97: 26.025209 | U97: =(AVERAGE(S97:T97)-AVERAGE(Q97:R97)) -> 4.8653059 | V97: =U97-$U$119 -> -0.54593595 | W97: =2^-V97 -> 1.4599672 | AD97: Bm 1 9d | AE97: 52 | AF97: 26.175791 | AG97: 26.606503 | AH97: 28.864035 | AI97: 28.610323 | AJ97: =(AVERAGE(AH97:AI97)-AVERAGE(AF97:AG97)) -> 2.3460321 | AK97: =AJ97-$AG$39 -> -7.3330304 | AL97: =2^-AK97 -> 161.23603 | AM97: =LOG(AL97,2) -> 7.3330304 | AQ97: 7d | AR97: =AVERAGE(AY70:AY72) -> 3.6360239 | AS97: =_xlfn.STDEV.S(AY70:AY72)/SQRT(3) -> 0.37073184 | AT97: =AVERAGE(AY73:AY75) -> 5.0260589 | AU97: =_xlfn.STDEV.S(AY73:AY75)/SQRT(3) -> 3.2285514
C98: Bm 1 7d | D98: 40 | E98: 18.610634 | F98: 18.739954 | G98: 25.764936 | H98: 25.324114 | I98: =(AVERAGE(G98:H98)-AVERAGE(E98:F98)) -> 6.8692312 | J98: =I98-$I$119 -> 1.2875611 | K98: =2^-J98 -> 0.40964295 | O98: Bm 1 7d | P98: 40 | Q98: 18.610634 | R98: 18.739954 | S98: 24.72921 | T98: 23.25421 | U98: =(AVERAGE(S98:T98)-AVERAGE(Q98:R98)) -> 5.3164158 | V98: =U98-$U$119 -> -0.094826063 | W98: =2^-V98 -> 1.0679366 | AD98: Bm2 9d | AE98: 53 | AF98: 25.962267 | AG98: 26.004446 | AH98: 29.73316 | AI98: 28.947939 | AJ98: =(AVERAGE(AH98:AI98)-AVERAGE(AF98:AG98)) -> 3.357193 | AK98: =AJ98-$AG$39 -> -6.3218695 | AL98: =2^-AK98 -> 79.996753 | AM98: =LOG(AL98,2) -> 6.3218695 | AQ98: 8d | AR98: =AVERAGE(AY76:AY78) -> 0.63525038 | AS98: =_xlfn.STDEV.S(AY76:AY78)/SQRT(3) -> 0.1576814 | AT98: =AVERAGE(AY79:AY81) -> 0.64793194 | AU98: =_xlfn.STDEV.S(AY79:AY81)/SQRT(3) -> 0.064499275
C99: Bm2 7d | D99: 41 | E99: 19.761593 | F99: 19.535896 | G99: 27.327812 | H99: 27.708197 | I99: =(AVERAGE(G99:H99)-AVERAGE(E99:F99)) -> 7.8692598 | J99: =I99-$I$119 -> 2.2875897 | K99: =2^-J99 -> 0.20481741 | O99: Bm2 7d | P99: 41 | Q99: 19.761593 | R99: 19.535896 | S99: 26.447994 | T99: 26.16292 | U99: =(AVERAGE(S99:T99)-AVERAGE(Q99:R99)) -> 6.6567125 | V99: =U99-$U$119 -> 1.2454707 | W99: =2^-V99 -> 0.42177027 | AD99: Bm 3 9d | AE99: 54 | AF99: 28.795483 | AG99: =AVERAGE(AG97:AG98) -> 26.305474 | AH99: 28.232904 | AI99: 28.570616 | AJ99: =(AVERAGE(AH99:AI99)-AVERAGE(AF99:AG99)) -> 0.85128164 | AK99: =AJ99-$AG$39 -> -8.8277809 | AL99: =2^-AK99 -> 454.38799 | AM99: =LOG(AL99,2) -> 8.8277809 | AQ99: 9d | AR99: =AVERAGE(AY82:AY84) -> 301.22886 | AS99: =_xlfn.STDEV.S(AY82:AY84)/SQRT(3) -> 36.842125 | AT99: =AVERAGE(AY85:AY87) -> 379.66599 | AU99: =_xlfn.STDEV.S(AY85:AY87)/SQRT(3) -> 153.71429
C100: Bm 3 7d | D100: 42 | E100: 19.471731 | F100: 19.580151 | G100: 25.048927 | H100: 24.94956 | I100: =(AVERAGE(G100:H100)-AVERAGE(E100:F100)) -> 5.4733028 | J100: =I100-$I$119 -> -0.10836728 | K100: =2^-J100 -> 1.0780076 | O100: Bm 3 7d | P100: 42 | Q100: 19.471731 | R100: 19.580151 | S100: 22.912817 | T100: 22.945906 | U100: =(AVERAGE(S100:T100)-AVERAGE(Q100:R100)) -> 3.4034204 | V100: =U100-$U$119 -> -2.0078214 | W100: =2^-V100 -> 4.0217444
C101: C1 8d R | D101: 43R | E101: 19.571316 | F101: 19.484442 | G101: 24.744055 | H101: 24.744722 | I101: =(AVERAGE(G101:H101)-AVERAGE(E101:F101)) -> 5.2165098 | J101: =I101-$I$119 -> -0.36516031 | K101: =2^-J101 -> 1.2880247 | O101: C1 8d R | P101: 43R | Q101: 19.571316 | R101: 19.484442 | S101: 26.158148 | T101: 25.9835 | U101: =(AVERAGE(S101:T101)-AVERAGE(Q101:R101)) -> 6.5429449 | V101: =U101-$U$119 -> 1.1317031 | W101: =2^-V101 -> 0.45637667
C102: C2 8d R | D102: 44R | E102: 20.865747 | F102: 20.862633 | G102: 26.203993 | H102: 25.841578 | I102: =(AVERAGE(G102:H102)-AVERAGE(E102:F102)) -> 5.1585951 | J102: =I102-$I$119 -> -0.42307504 | K102: =2^-J102 -> 1.3407823 | O102: C2 8d R | P102: 44R | Q102: 20.865747 | R102: 20.862633 | S102: 25.433828 | T102: 23.828285 | U102: =(AVERAGE(S102:T102)-AVERAGE(Q102:R102)) -> 3.7668667 | V102: =U102-$U$119 -> -1.6443752 | W102: =2^-V102 -> 3.1261243 | AG102: 1d | AH102: =AVERAGE(AJ70:AJ72) -> 4.1146351
C103: C3 8d R | D103: 45R | E103: 21.15074 | F103: 20.814653 | G103: 26.964375 | H103: 26.19908 | I103: =(AVERAGE(G103:H103)-AVERAGE(E103:F103)) -> 5.5990305 | J103: =I103-$I$119 -> 0.017360369 | K103: =2^-J103 -> 0.98803882 | O103: C3 8d R | P103: 45R | Q103: 21.15074 | R103: 20.814653 | S103: 24.336002 | T103: 23.676731 | U103: =(AVERAGE(S103:T103)-AVERAGE(Q103:R103)) -> 3.0236702 | V103: =U103-$U$119 -> -2.3875717 | W103: =2^-V103 -> 5.2327584 | AG103: 3d | AH103: =AVERAGE(AJ76:AJ78) -> 5.6281398
C104: Bm 1 8d R | D104: 46R | E104: 19.512594 | F104: 19.430202 | G104: 24.709074 | H104: 24.922081 | I104: =(AVERAGE(G104:H104)-AVERAGE(E104:F104)) -> 5.3441792 | J104: =I104-$I$119 -> -0.23749097 | K104: =2^-J104 -> 1.1789406 | O104: Bm 1 8d R | P104: 46R | Q104: 19.512594 | R104: 19.430202 | T104: 25.624601 | U104: =(AVERAGE(S104:T104)-AVERAGE(Q104:R104)) -> 6.153203 | V104: =U104-$U$119 -> 0.74196116 | W104: =2^-V104 -> 0.59792599 | AG104: 5d | AH104: =AVERAGE(AJ82:AJ84) -> 3.4135043
C105: Bm2 8d R | D105: 47R | E105: 18.439184 | F105: 18.924105 | G105: 24.204905 | H105: 24.334101 | I105: =(AVERAGE(G105:H105)-AVERAGE(E105:F105)) -> 5.5878582 | J105: =I105-$I$119 -> 0.0061880747 | K105: =2^-J105 -> 0.99571994 | O105: Bm2 8d R | P105: 47R | Q105: 18.439184 | R105: 18.924105 | S105: 25.382271 | T105: 25.655926 | U105: =(AVERAGE(S105:T105)-AVERAGE(Q105:R105)) -> 6.8374538 | V105: =U105-$U$119 -> 1.426212 | W105: =2^-V105 -> 0.37210663 | AG105: 7d | AH105: =AVERAGE(AJ88:AJ90) -> 2.9312871
C106: Bm 3 8d R | D106: 48R | E106: 22.297138 | F106: 22.335651 | G106: 29.594885 | H106: 29.598577 | I106: =(AVERAGE(G106:H106)-AVERAGE(E106:F106)) -> 7.2803364 | J106: =I106-$I$119 -> 1.6986663 | K106: =2^-J106 -> 0.30807078 | O106: Bm 3 8d R | P106: 48R | Q106: 22.297138 | R106: 22.335651 | S106: 24.791534 | T106: 26.650387 | U106: =(AVERAGE(S106:T106)-AVERAGE(Q106:R106)) -> 3.4045658 | V106: =U106-$U$119 -> -2.006676 | W106: =2^-V106 -> 4.0185528 | AG106: 10d | AH106: =AVERAGE(AJ94:AJ96) -> 4.9389734
C107: C1 9d R | D107: 49R | E107: 19.013988 | F107: 19.229891 | G107: 25.312355 | H107: 25.366989 | I107: =(AVERAGE(G107:H107)-AVERAGE(E107:F107)) -> 6.2177324 | J107: =I107-$I$119 -> 0.6360623 | K107: =2^-J107 -> 0.64346683 | O107: C1 9d R | P107: 49R | Q107: 19.013988 | R107: 19.229891 | S107: 24.070642 | T107: 25.001577 | U107: =(AVERAGE(S107:T107)-AVERAGE(Q107:R107)) -> 5.4141703 | V107: =U107-$U$121 -> -0.015669823 | W107: =2^-V107 -> 1.0109207 | AE107: C | AF107: Error | AG107: Bm | AH107: Error
C108: C2 9d R | D108: 50R | E108: 17.551945 | F108: 21.725025 | G108: 28.222265 | H108: 28.141909 | I108: =(AVERAGE(G108:H108)-AVERAGE(E108:F108)) -> 8.543602 | J108: =I108-$I$119 -> 2.9619319 | K108: =2^-J108 -> 0.12834225 | O108: C2 9d R | P108: 50R | Q108: 17.551945 | R108: 21.725025 | S108: 24.590778 | T108: 25.542292 | U108: =(AVERAGE(S108:T108)-AVERAGE(Q108:R108)) -> 5.42805 | V108: =U108-$U$121 -> -0.0017900467 | W108: =2^-V108 -> 1.0012415 | AD108: 1d | AE108: =AVERAGE(AL70:AL72) -> 0.77392989 | AF108: =_xlfn.STDEV.S(AL70:AL72)/SQRT(3) -> 0.25398739 | AG108: =AVERAGE(AL73:AL75) -> 0.48594411 | AH108: =_xlfn.STDEV.S(AL73:AL75)/SQRT(3) -> 0.16949185
...

Sheet Genes raiz norm ambos const
C2: UBIQ | E2: EF | G2: LOXD | Q2: UBIQ | S2: EF | U2: OPR3 | AE2: UBIQ | AG2: EF | AI2: ICS
B3: Sample | E3: Housekeeping gene | F3: Housekeeping gene | G3: Gene of interest | H3: Gene of interest | I3: ΔCt(Ct gene interest - Ct housekeeping gene) | J3: ΔΔCt(ΔCt muestra - ΔCt control average) | K3: 2^-(ΔΔCt) | P3: Sample | Q3: Housekeeping gene | U3: Gene of interest | W3: ΔCt(Ct gene interest - Ct housekeeping gene) | X3: ΔΔCt(ΔCt muestra - ΔCt control average) | Y3: 2^-(ΔΔCt) | AD3: Sample | AE3: Housekeeping gene | AI3: Gene of interest | AK3: ΔCt(Ct gene interest - Ct housekeeping gene) | AL3: ΔΔCt(ΔCt muestra - ΔCt control average) | AM3: 2^-(ΔΔCt)
A4: C1 3d | B4: 13 | C4: 21.284868 | D4: 21.90947 | E4: 23.071939 | F4: 22.264887 | G4: 23.373026 | H4: 23.521111 | I4: =(AVERAGE(G4:H4)-AVERAGE(C4:F4)) -> 1.3142772 | J4: =I4-$I$57 -> -0.0222435 | K4: =2^-J4 -> 1.0155375 | O4: C1 2d | P4: 7 | W4: =(AVERAGE(U4:V4)-AVERAGE(Q4:T4)) -> #DIV/0! | X4: =W4-$X$53 -> #DIV/0! | Y4: =2^-X4 -> #DIV/0! | AC4: C1 1d | AD4: 1 | AE4: 20.90876 | AF4: 20.090328 | AG4: =AVERAGE(AG5:AG6) -> 24.916069 | AH4: =AVERAGE(AH5:AH6) -> 24.364873 | AI4: 29.597382 | AJ4: 28.577679 | AK4: =(AVERAGE(AI4:AJ4)-AVERAGE(AE4:AH4)) -> 6.5175226 | AL4: =AK4-$AI$36 -> 0.19525321 | AM4: =2^-AL4 -> 0.87341959
A5: C2 3d | B5: 14 | C5: 24.800493 | D5: 24.307314 | E5: =AVERAGE(E4:F4) -> 22.668413 | F5: 24.496122 | G5: 26.72093 | H5: 24.680517 | I5: =(AVERAGE(G5:H5)-AVERAGE(C5:F5)) -> 1.632638 | J5: =I5-$I$57 -> 0.29611731 | K5: =2^-J5 -> 0.81444134 | O5: C2 2d | P5: 8 | W5: =(AVERAGE(U5:V5)-AVERAGE(Q5:T5)) -> #DIV/0! | X5: =W5-$X$53 -> #DIV/0! | Y5: =2^-X5 -> #DIV/0! | AC5: C2 1d | AD5: 2 | AE5: 17.307545 | AF5: 18.863682 | AG5: 25.264202 | AH5: 24.607384 | AI5: 28.978958 | AJ5: 27.349375 | AK5: =(AVERAGE(AI5:AJ5)-AVERAGE(AE5:AH5)) -> 6.6534634 | AL5: =AK5-$AI$36 -> 0.331194 | AM5: =2^-AL5 -> 0.79487835
A6: C3 3d | B6: 15 | C6: 22.700411 | D6: 21.75625 | E6: 21.682108 | F6: 21.740229 | G6: 23.224051 | H6: 22.840742 | I6: =(AVERAGE(G6:H6)-AVERAGE(C6:F6)) -> 1.0626469 | J6: =I6-$I$57 -> -0.27387381 | K6: =2^-J6 -> 1.2090499 | O6: C3 2d | P6: 9 | W6: =(AVERAGE(U6:V6)-AVERAGE(Q6:T6)) -> #DIV/0! | X6: =W6-$X$53 -> #DIV/0! | Y6: =2^-X6 -> #DIV/0! | AC6: C3 1d | AD6: 3 | AE6: 18.830658 | AF6: 18.962851 | AG6: 24.567936 | AH6: 24.122362 | AI6: 26.972912 | AJ6: 27.860636 | AK6: =(AVERAGE(AI6:AJ6)-AVERAGE(AE6:AH6)) -> 5.7958221 | AL6: =AK6-$AI$36 -> -0.52644722 | AM6: =2^-AL6 -> 1.4403777
A7: Bm 1 3d | B7: 16 | C7: 23.723972 | D7: 23.676178 | E7: 22.851814 | F7: 22.629089 | G7: 26.621056 | H7: 26.460815 | I7: =(AVERAGE(G7:H7)-AVERAGE(C7:F7)) -> 3.320672 | J7: =I7-$I$57 -> 1.9841514 | K7: =2^-J7 -> 0.2527615 | O7: Bm 1 2d | P7: 10 | W7: =(AVERAGE(U7:V7)-AVERAGE(Q7:T7)) -> #DIV/0! | X7: =W7-$X$53 -> #DIV/0! | Y7: =2^-X7 -> #DIV/0! | AC7: Bm 1 1d | AD7: 4 | AE7: 18.89666 | AF7: 15.871527 | AG7: 26.225224 | AH7: 26.224079 | AI7: 28.039314 | AJ7: 28.311747 | AK7: =(AVERAGE(AI7:AJ7)-AVERAGE(AE7:AH7)) -> 6.3711581 | AL7: =AK7-$AI$36 -> 0.048888763 | AM7: =2^-AL7 -> 0.96668063
A8: Bm2 3d | B8: 17 | C8: 22.567633 | D8: 21.779718 | E8: 21.444099 | F8: 21.269981 | G8: 24.655251 | H8: 23.449986 | I8: =(AVERAGE(G8:H8)-AVERAGE(C8:F8)) -> 2.2872601 | J8: =I8-$I$57 -> 0.95073938 | K8: =2^-J8 -> 0.51736724 | O8: Bm2 2d | P8: 11 | W8: =(AVERAGE(U8:V8)-AVERAGE(Q8:T8)) -> #DIV/0! | X8: =W8-$X$53 -> #DIV/0! | Y8: =2^-X8 -> #DIV/0! | AC8: Bm2 1d | AD8: 5 | AE8: 16.763273 | AF8: 16.163143 | AG8: 28.975691 | AH8: 27.984882 | AI8: 30.757711 | AJ8: 30.088791 | AK8: =(AVERAGE(AI8:AJ8)-AVERAGE(AE8:AH8)) -> 7.9515038 | AL8: =AK8-$AI$36 -> 1.6292344 | AM8: =2^-AL8 -> 0.32325971
A9: Bm 3 3d | B9: 18 | C9: 24.220592 | D9: 23.63673 | E9: 24.161852 | F9: 24.008493 | G9: 25.48745 | H9: 25.427542 | I9: =(AVERAGE(G9:H9)-AVERAGE(C9:F9)) -> 1.4505787 | J9: =I9-$I$57 -> 0.11405802 | K9: =2^-J9 -> 0.92398541 | O9: Bm 3 2d | P9: 12 | W9: =(AVERAGE(U9:V9)-AVERAGE(Q9:T9)) -> #DIV/0! | X9: =W9-$X$53 -> #DIV/0! | Y9: =2^-X9 -> #DIV/0! | AC9: Bm 3 1d | AD9: 6 | AE9: 19.790894 | AF9: 16.724653 | AG9: 27.481815 | AH9: 27.595713 | AI9: 28.538774 | AJ9: 28.614933 | AK9: =(AVERAGE(AI9:AJ9)-AVERAGE(AE9:AH9)) -> 5.6785851 | AL9: =AK9-$AI$36 -> -0.64368431 | AM9: =2^-AL9 -> 1.5623139
A10: C1 4d | B10: 19 | C10: 19.815937 | D10: 16.608829 | E10: 19.560247 | F10: 19.663799 | G10: 20.578234 | H10: 19.895571 | I10: =(AVERAGE(G10:H10)-AVERAGE(C10:F10)) -> 1.3246989 | J10: =I10-$I$58 -> 1.3241267 | K10: =2^-J10 -> 0.39939088 | O10: C1 3d | P10: 13 | Q10: 21.284868 | R10: 21.90947 | S10: 23.071939 | T10: 22.264887 | U10: 19.613838 | V10: 19.181236 | W10: =(AVERAGE(U10:V10)-AVERAGE(Q10:T10)) -> -2.7352538 | X10: =W10-$W$54 -> -0.14447244 | Y10: =2^-X10 -> 1.1053264 | AC10: C1 3d | AD10: 13 | AE10: 21.284868 | AF10: 21.90947 | AG10: 23.071939 | AH10: 22.264887 | AI10: 30.38427 | AJ10: 28.845123 | AK10: =(AVERAGE(AI10:AJ10)-AVERAGE(AE10:AH10)) -> 7.4819055 | AL10: =AK10-$AI$37 -> 1.7710965 | AM10: =2^-AL10 -> 0.29298596
A11: C2 4d | B11: 20 | C11: 19.375036 | D11: 21.857367 | E11: 20.87661 | F11: 21.012306 | G11: 19.618622 | H11: 19.929195 | I11: =(AVERAGE(G11:H11)-AVERAGE(C11:F11)) -> -1.0064211 | J11: =I11-$I$58 -> -1.0069933 | K11: =2^-J11 -> 2.0097183 | O11: C2 3d | P11: 14 | Q11: 24.800493 | R11: 24.307314 | S11: =AVERAGE(S10:T10) -> 22.668413 | T11: 24.496122 | U11: 21.626814 | V11: 20.894907 | W11: =(AVERAGE(U11:V11)-AVERAGE(Q11:T11)) -> -2.8072252 | X11: =W11-$W$54 -> -0.21644386 | Y11: =2^-X11 -> 1.1618661 | AC11: C2 3d | AD11: 14 | AE11: 24.800493 | AF11: 24.307314 | AH11: 24.496122 | AI11: 27.827814 | AJ11: 27.808983 | AK11: =(AVERAGE(AI11:AJ11)-AVERAGE(AE11:AH11)) -> 3.2837553 | AL11: =AK11-$AI$37 -> -2.4270536 | AM11: =2^-AL11 -> 5.3779398
A12: C3 4d | B12: 21 | C12: 21.73431 | D12: 19.444178 | E12: 20.971983 | F12: 19.990679 | G12: 20.230547 | H12: 20.206905 | I12: =(AVERAGE(G12:H12)-AVERAGE(C12:F12)) -> -0.31656122 | J12: =I12-$I$58 -> -0.31713343 | K12: =2^-J12 -> 1.2458526 | O12: C3 3d | P12: 15 | Q12: 22.700411 | R12: 21.75625 | S12: 21.682108 | T12: 21.740229 | U12: 19.684675 | V12: 19.795094 | W12: =(AVERAGE(U12:V12)-AVERAGE(Q12:T12)) -> -2.2298651 | X12: =W12-$W$54 -> 0.3609163 | Y12: =2^-X12 -> 0.77866987 | AC12: C3 3d | AD12: 15 | AE12: 22.700411 | AF12: 21.75625 | AG12: 21.682108 | AH12: 21.740229 | AI12: 27.691833 | AJ12: 28.981197 | AK12: =(AVERAGE(AI12:AJ12)-AVERAGE(AE12:AH12)) -> 6.366766 | AL12: =AK12-$AI$37 -> 0.65595706 | AM12: =2^-AL12 -> 0.63465433
A13: Bm 1 4d | B13: 22 | C13: 25.797535 | D13: 21.927578 | E13: 24.447493 | F13: 23.712412 | G13: 24.542383 | H13: 23.920546 | I13: =(AVERAGE(G13:H13)-AVERAGE(C13:F13)) -> 0.26021004 | J13: =I13-$I$58 -> 0.25963783 | K13: =2^-J13 -> 0.83529758 | O13: Bm 1 3d | P13: 16 | Q13: 23.723972 | R13: 23.676178 | S13: 22.851814 | T13: 22.629089 | U13: 20.653175 | V13: 20.583921 | W13: =(AVERAGE(U13:V13)-AVERAGE(Q13:T13)) -> -2.6017151 | X13: =W13-$W$54 -> -0.010933717 | Y13: =2^-X13 -> 1.0076075 | AC13: Bm 1 3d | AD13: 16 | AE13: 23.723972 | AF13: 23.676178 | AG13: 22.851814 | AH13: 22.629089 | AI13: 33.462391 | AJ13: 31.444431 | AK13: =(AVERAGE(AI13:AJ13)-AVERAGE(AE13:AH13)) -> 9.2331476 | AL13: =AK13-$AI$37 -> 3.5223387 | AM13: =2^-AL13 -> 0.087030283
A14: Bm2 4d | B14: 23 | C14: 22.306347 | D14: 19.968174 | E14: 23.247902 | F14: 23.132988 | G14: 20.845633 | H14: 21.118565 | I14: =(AVERAGE(G14:H14)-AVERAGE(C14:F14)) -> -1.1817541 | J14: =I14-$I$58 -> -1.1823263 | K14: =2^-J14 -> 2.2694242 | O14: Bm2 3d | P14: 17 | Q14: 22.567633 | R14: 21.779718 | S14: 21.444099 | T14: 21.269981 | U14: 19.605207 | V14: 19.743799 | W14: =(AVERAGE(U14:V14)-AVERAGE(Q14:T14)) -> -2.0908546 | X14: =W14-$W$54 -> 0.49992673 | Y14: =2^-X14 -> 0.7071427 | AC14: Bm2 3d | AD14: 17 | AE14: 22.567633 | AF14: 21.779718 | AG14: 21.444099 | AH14: 21.269981 | AI14: 29.520857 | AJ14: 29.037161 | AK14: =(AVERAGE(AI14:AJ14)-AVERAGE(AE14:AH14)) -> 7.5136509 | AL14: =AK14-$AI$37 -> 1.802842 | AM14: =2^-AL14 -> 0.28660944
A15: Bm 3 4d | B15: 24 | C15: 21.577007 | D15: 18.911455 | E15: 23.886114 | F15: 24.142057 | G15: 22.438375 | H15: 21.577345 | I15: =(AVERAGE(G15:H15)-AVERAGE(C15:F15)) -> -0.12129831 | J15: =I15-$I$58 -> -0.12187052 | K15: =2^-J15 -> 1.0881448 | O15: Bm 3 3d | P15: 18 | Q15: 24.220592 | R15: 23.63673 | S15: 24.161852 | T15: 24.008493 | U15: 21.99194 | V15: 21.239626 | W15: =(AVERAGE(U15:V15)-AVERAGE(Q15:T15)) -> -2.3911343 | X15: =W15-$W$54 -> 0.19964711 | Y15: =2^-X15 -> 0.87076353 | AC15: Bm 3 3d | AD15: 18 | AE15: 24.220592 | AF15: 23.63673 | AG15: 24.161852 | AH15: 24.008493 | AI15: 29.445469 | AJ15: 28.585978 | AK15: =(AVERAGE(AI15:AJ15)-AVERAGE(AE15:AH15)) -> 5.0088062 | AL15: =AK15-$AI$37 -> -0.70200268 | AM15: =2^-AL15 -> 1.6267614
A16: C1 5d | B16: 25 | C16: 19.915728 | D16: 20.202024 | E16: 21.633312 | F16: 20.965622 | G16: 29.553358 | H16: 27.764248 | I16: =(AVERAGE(G16:H16)-AVERAGE(C16:F16)) -> 7.9796314 | J16: =I16-$I$59 -> 0.6220355 | K16: =2^-J16 -> 0.64975354 | O16: C1 4d | P16: 19 | Q16: 19.815937 | S16: =AVERAGE(S12:S13) -> 22.266961 | U16: 17.160328 | V16: 16.950373 | W16: =(AVERAGE(U16:V16)-AVERAGE(Q16:T16)) -> -3.9860988 | X16: =W16-$W$55 -> -0.55646388 | Y16: =2^-X16 -> 1.4706601 | AC16: C1 5d | AD16: 25 | AE16: 19.915728 | AF16: 20.202024 | AG16: 21.633312 | AH16: 20.965622 | AI16: 28.414457 | AJ16: 28.175652 | AK16: =(AVERAGE(AI16:AJ16)-AVERAGE(AE16:AH16)) -> 7.6158829 | AL16: =AK16-$AI$38 -> -0.025139332 | AM16: =2^-AL16 -> 1.017578
A17: C2 5d | B17: 26 | C17: 19.67424 | D17: 19.620489 | E17: 20.730085 | F17: 21.229769 | G17: 27.973469 | H17: 27.581432 | I17: =(AVERAGE(G17:H17)-AVERAGE(C17:F17)) -> 7.4638047 | J17: =I17-$I$59 -> 0.1062088 | K17: =2^-J17 -> 0.92902621 | O17: C2 4d | P17: 20 | Q17: 19.375036 | R17: 21.857367 | S17: =(AVERAGE(T13:T14)) -> 21.949535 | U17: 17.818682 | V17: 17.715719 | W17: =(AVERAGE(U17:V17)-AVERAGE(Q17:T17)) -> -3.2934456 | X17: =W17-$W$55 -> 0.1361893 | Y17: =2^-X17 -> 0.90991942 | AC17: C2 5d | AD17: 26 | AE17: 19.67424 | AF17: 19.620489 | AG17: 20.730085 | AH17: 21.229769 | AI17: 28.629374 | AJ17: 28.780123 | AK17: =(AVERAGE(AI17:AJ17)-AVERAGE(AE17:AH17)) -> 8.3911023 | AL17: =AK17-$AI$38 -> 0.75008011 | AM17: =2^-AL17 -> 0.59457054
A18: C3 5d | B18: 27 | C18: 21.640522 | D18: 21.428911 | E18: 22.78698 | F18: 22.641024 | G18: 29.353113 | H18: 28.154308 | I18: =(AVERAGE(G18:H18)-AVERAGE(C18:F18)) -> 6.6293516 | J18: =I18-$I$59 -> -0.7282443 | K18: =2^-J18 -> 1.6566218 | O18: C3 4d | P18: 21 | R18: 19.444178 | S18: =AVERAGE(S12:T12) -> 21.711168 | U18: 17.797401 | V18: 17.339224 | W18: =(AVERAGE(U18:V18)-AVERAGE(Q18:T18)) -> -3.0093603 | X18: =W18-$W$55 -> 0.42027458 | Y18: =2^-X18 -> 0.74728239 | AC18: C3 5d | AD18: 27 | AE18: 21.640522 | AF18: 21.428911 | AG18: 22.78698 | AH18: 22.641024 | AI18: 29.827919 | AJ18: 28.252962 | AK18: =(AVERAGE(AI18:AJ18)-AVERAGE(AE18:AH18)) -> 6.9160814 | AL18: =AK18-$AI$38 -> -0.72494078 | AM18: =2^-AL18 -> 1.6528328
A19: Bm 1 5d | B19: 28 | C19: 20.238741 | D19: 20.211931 | E19: 21.162613 | F19: 21.344795 | G19: 28.178015 | H19: 27.013546 | I19: =(AVERAGE(G19:H19)-AVERAGE(C19:F19)) -> 6.8562603 | J19: =I19-$I$59 -> -0.50133562 | K19: =2^-J19 -> 1.4155234 | O19: Bm 1 4d | P19: 22 | R19: 21.927578 | S19: =AVERAGE(S14:S15) -> 22.802976 | U19: 21.464918 | V19: 22.240808 | W19: =(AVERAGE(U19:V19)-AVERAGE(Q19:T19)) -> -0.5124135 | X19: =W19-$W$55 -> 2.9172214 | Y19: =2^-X19 -> 0.13238198 | AC19: Bm 1 5d | AD19: 28 | AE19: 20.238741 | AF19: 20.211931 | AG19: 21.162613 | AH19: 21.344795 | AJ19: 28.047705 | AK19: =(AVERAGE(AI19:AJ19)-AVERAGE(AE19:AH19)) -> 7.3081846 | AL19: =AK19-$AI$38 -> -0.33283758 | AM19: =2^-AL19 -> 1.2594882
A20: Bm2 5d | B20: 29 | C20: 23.880186 | D20: 24.139803 | E20: 23.891291 | F20: 22.611395 | G20: 28.107157 | H20: 29.741829 | I20: =(AVERAGE(G20:H20)-AVERAGE(C20:F20)) -> 5.2938242 | J20: =I20-$I$59 -> -2.0637717 | K20: =2^-J20 -> 4.1807788 | O20: Bm2 4d | P20: 23 | Q20: 22.306347 | R20: 19.968174 | S20: =AVERAGE(T10:T11) -> 23.380505 | V20: 18.456825 | W20: =(AVERAGE(U20:V20)-AVERAGE(Q20:T20)) -> -3.4281832 | X20: =W20-$W$55 -> 0.0014516513 | Y20: =2^-X20 -> 0.9989943 | AC20: Bm2 5d | AD20: 29 | AE20: 23.880186 | AF20: 24.139803 | AG20: 23.891291 | AH20: 22.611395 | AI20: 27.922695 | AJ20: 28.357687 | AK20: =(AVERAGE(AI20:AJ20)-AVERAGE(AE20:AH20)) -> 4.5095224 | AL20: =AK20-$AI$38 -> -3.1314998 | AM20: =2^-AL20 -> 8.763455
A21: Bm 3 5d | B21: 30 | C21: 21.847355 | D21: 21.626711 | E21: 23.328094 | F21: 22.834209 | G21: 27.537342 | H21: 27.78006 | I21: =(AVERAGE(G21:H21)-AVERAGE(C21:F21)) -> 5.2496085 | J21: =I21-$I$59 -> -2.1079874 | K21: =2^-J21 -> 4.3108949 | O21: Bm 3 4d | P21: 24 | Q21: 21.577007 | R21: 18.911455 | S21: =AVERAGE(S22:S23) -> 21.181699 | U21: 18.352755 | V21: 19.399916 | W21: =(AVERAGE(U21:V21)-AVERAGE(Q21:T21)) -> -1.6803853 | X21: =W21-$W$55 -> 1.7492496 | Y21: =2^-X21 -> 0.29745645 | AC21: Bm 3 5d | AD21: 30 | AE21: 21.847355 | AF21: 21.626711 | AG21: 23.328094 | AH21: 22.834209 | AI21: 27.968351 | AJ21: 27.54007 | AK21: =(AVERAGE(AI21:AJ21)-AVERAGE(AE21:AH21)) -> 5.345118 | AL21: =AK21-$AI$38 -> -2.2959042 | AM21: =2^-AL21 -> 4.9106165
A22: C1 6d | B22: 31 | C22: 20.90876 | D22: 20.090328 | E22: 19.23283 | F22: 18.350857 | G22: 20.757713 | H22: 21.118784 | I22: =(AVERAGE(G22:H22)-AVERAGE(C22:F22)) -> 1.2925549 | J22: =I22-$I$60 -> 0.8335441 | K22: =2^-J22 -> 0.56114904 | O22: C1 5d | P22: 25 | Q22: 19.915728 | R22: 20.202024 | S22: 21.633312 | T22: 20.965622 | U22: 18.270388 | V22: 18.349541 | W22: =(AVERAGE(U22:V22)-AVERAGE(Q22:T22)) -> -2.3692074 | X22: =W22-$W$56 -> -0.27735885 | Y22: =2^-X22 -> 1.2119741 | AC22: C1 7d | AD22: 37 | AE22: 22.63936 | AF22: 20.842739 | AG22: =AVERAGE(AH22:AH23) -> 22.803472 | AH22: 23.64431 | AI22: 29.159986 | AJ22: 29.227072 | AK22: =(AVERAGE(AI22:AJ22)-AVERAGE(AE22:AH22)) -> 6.7110589 | AL22: =AK22-$AI$39 -> -1.3269698 | AM22: =2^-AL22 -> 2.5087519
A23: C2 6d | B23: 32 | C23: 17.307545 | D23: 18.863682 | E23: 19.631062 | F23: 18.865997 | G23: 19.27597 | H23: 19.196959 | I23: =(AVERAGE(G23:H23)-AVERAGE(C23:F23)) -> 0.56939316 | J23: =I23-$I$60 -> 0.1103824 | K23: =2^-J23 -> 0.92634249 | O23: C2 5d | P23: 26 | Q23: 19.67424 | R23: 19.620489 | S23: 20.730085 | T23: 21.229769 | U23: 18.82439 | V23: 18.718998 | W23: =(AVERAGE(U23:V23)-AVERAGE(Q23:T23)) -> -1.5419517 | X23: =W23-$W$56 -> 0.54989688 | Y23: =2^-X23 -> 0.68306895 | AC23: C2 7d | AD23: 38 | AE23: 21.157871 | AF23: 20.422848 | AG23: 22.447786 | AH23: 21.962633 | AI23: 29.499912 | AJ23: 28.750668 | AK23: =(AVERAGE(AI23:AJ23)-AVERAGE(AE23:AH23)) -> 7.6275053 | AL23: =AK23-$AI$39 -> -0.41052334 | AM23: =2^-AL23 -> 1.3291679
A24: C3 6d | B24: 33 | C24: 18.830658 | D24: 18.962851 | E24: 20.281584 | F24: 20.795269 | G24: 19.756817 | H24: 18.708532 | I24: =(AVERAGE(G24:H24)-AVERAGE(C24:F24)) -> -0.48491573 | J24: =I24-$I$60 -> -0.94392649 | K24: =2^-J24 -> 1.9237569 | O24: C3 5d | P24: 27 | Q24: 21.640522 | R24: 21.428911 | S24: 22.78698 | T24: 22.641024 | U24: 19.747772 | V24: 19.772173 | W24: =(AVERAGE(U24:V24)-AVERAGE(Q24:T24)) -> -2.3643866 | X24: =W24-$W$56 -> -0.27253803 | Y24: =2^-X24 -> 1.207931 | AC24: C3 7d | AD24: 39 | AE24: 20.917742 | AF24: 21.402065 | AG24: 20.822649 | AH24: 20.741495 | AI24: 31.566387 | AJ24: 29.926632 | AK24: =(AVERAGE(AI24:AJ24)-AVERAGE(AE24:AH24)) -> 9.7755218 | AL24: =AK24-$AI$39 -> 1.7374931 | AM24: =AVERAGE(AM22:AM23) -> 1.9189599
A25: Bm 1 6d | B25: 34 | C25: 18.89666 | D25: 15.871527 | E25: 20.040354 | F25: 20.383734 | G25: 20.777485 | H25: 21.595984 | I25: =(AVERAGE(G25:H25)-AVERAGE(C25:F25)) -> 2.3886657 | J25: =I25-$I$60 -> 1.9296549 | K25: =2^-J25 -> 0.26249195 | O25: Bm 1 5d | P25: 28 | Q25: 20.238741 | R25: 20.211931 | S25: 21.162613 | T25: 21.344795 | U25: 18.272095 | V25: 18.367222 | W25: =(AVERAGE(U25:V25)-AVERAGE(Q25:T25)) -> -2.4198618 | X25: =W25-$W$56 -> -0.32801326 | Y25: =2^-X25 -> 1.2552835 | AC25: Bm 1 7d | AD25: 40 | AE25: 18.610634 | AF25: 18.739954 | AG25: 18.585508 | AH25: 18.453964 | AI25: 28.7008 | AJ25: 28.764259 | AK25: =(AVERAGE(AI25:AJ25)-AVERAGE(AE25:AH25)) -> 10.135015 | AL25: =AK25-$AI$39 -> 2.0969859 | AM25: =2^-AL25 -> 0.23374608
A26: Bm2 6d | B26: 35 | C26: 16.763273 | D26: 16.163143 | E26: 19.42383 | F26: 18.991331 | G26: 19.231018 | H26: 19.487616 | I26: =(AVERAGE(G26:H26)-AVERAGE(C26:F26)) -> 1.5239224 | J26: =I26-$I$60 -> 1.0649117 | K26: =2^-J26 -> 0.47800192 | O26: Bm2 5d | P26: 29 | Q26: 23.880186 | R26: 24.139803 | S26: 23.891291 | T26: 22.611395 | U26: 21.148245 | V26: 20.500769 | W26: =(AVERAGE(U26:V26)-AVERAGE(Q26:T26)) -> -2.8061619 | X26: =W26-$W$56 -> -0.71431335 | Y26: =2^-X26 -> 1.6407021 | AC26: Bm2 7d | AD26: 41 | AE26: 19.761593 | AF26: 19.535896 | AG26: 19.966827 | AH26: 20.117241 | AI26: 29.955465 | AJ26: 27.877138 | AK26: =(AVERAGE(AI26:AJ26)-AVERAGE(AE26:AH26)) -> 9.0709124 | AL26: =AK26-$AI$39 -> 1.0328837 | AM26: =2^-AL26 -> 0.48873227
A27: Bm 3 6d | B27: 36 | C27: 19.790894 | D27: 16.724653 | E27: 20.472315 | F27: 20.986731 | G27: 19.263929 | H27: 19.411421 | I27: =(AVERAGE(G27:H27)-AVERAGE(C27:F27)) -> -0.15597296 | J27: =I27-$I$60 -> -0.61498372 | K27: =2^-J27 -> 1.5315407 | O27: Bm 3 5d | P27: 30 | Q27: 21.847355 | R27: 21.626711 | S27: 23.328094 | T27: 22.834209 | U27: 19.995136 | V27: 19.926102 | W27: =(AVERAGE(U27:V27)-AVERAGE(Q27:T27)) -> -2.4484735 | X27: =W27-$W$56 -> -0.35662492 | Y27: =2^-X27 -> 1.2804269 | AC27: Bm 3 7d | AD27: 42 | AE27: 19.471731 | AF27: 19.580151 | AG27: 19.546146 | AH27: 19.319754 | AI27: 29.284336 | AJ27: 29.053307 | AK27: =(AVERAGE(AI27:AJ27)-AVERAGE(AE27:AH27)) -> 9.6893759 | AL27: =AK27-$AI$39 -> 1.6513472 | AM27: =2^-AL27 -> 0.31834274
A28: C1 7d | B28: 37 | C28: 22.63936 | D28: 20.842739 | F28: 23.64431 | G28: 30.548727 | H28: 30.980797 | I28: =(AVERAGE(G28:H28)-AVERAGE(C28:F28)) -> 8.3892921 | J28: =I28-$I$61 -> 3.1919318 | K28: =2^-J28 -> 0.10942909 | O28: C1 6d | P28: 31 | Q28: 20.90876 | R28: 20.090328 | S28: =AVERAGE(S24:S25) -> 21.974796 | U28: 17.396368 | V28: 16.521559 | W28: =(AVERAGE(U28:V28)-AVERAGE(Q28:T28)) -> -4.0323315 | X28: =W28-$W$57 -> -1.1975334 | Y28: =2^-X28 -> 2.2934722 | AC28: C1 9d | AD28: 49 | AE28: 19.013988 | AF28: 19.229891 | AG28: 19.839867 | AH28: 19.958887 | AI28: 29.994661 | AJ28: 29.422617 | AK28: =(AVERAGE(AI28:AJ28)-AVERAGE(AE28:AH28)) -> 10.197981 | AL28: =AK28-$AI$40 -> 0.614995 | AM28: =2^-AL28 -> 0.65293216
A29: C2 7d | B29: 38 | C29: 21.157871 | D29: 20.422848 | E29: 22.447786 | F29: 21.962633 | G29: 25.081198 | H29: 25.104053 | I29: =(AVERAGE(G29:H29)-AVERAGE(C29:F29)) -> 3.594841 | J29: =I29-$I$61 -> -1.6025193 | K29: =2^-J29 -> 3.0367314 | O29: C2 6d | P29: 32 | Q29: 17.307545 | R29: 18.863682 | S29: =(AVERAGE(T25:T26)) -> 21.978095 | U29: 17.689426 | V29: 16.776361 | W29: =(AVERAGE(U29:V29)-AVERAGE(Q29:T29)) -> -2.1502132 | X29: =W29-$W$57 -> 0.68458483 | Y29: =2^-X29 -> 0.62218485 | AC29: C2 9d | AD29: 50 | AF29: 21.725025 | AG29: 20.922846 | AH29: 20.756575 | AJ29: 29.02412 | AK29: =(AVERAGE(AI29:AJ29)-AVERAGE(AE29:AH29)) -> 7.8893051 | AL29: =AK29-$AI$40 -> -1.6936808 | AM29: =2^-AL29 -> 3.2348095
A30: C3 7d | B30: 39 | C30: 20.917742 | D30: 21.402065 | E30: 20.822649 | F30: 20.741495 | G30: 24.143505 | H30: 25.014366 | I30: =(AVERAGE(G30:H30)-AVERAGE(C30:F30)) -> 3.6079478 | J30: =I30-$I$61 -> -1.5894125 | K30: =2^-J30 -> 3.0092678 | O30: C3 6d | P30: 33 | Q30: 18.830658 | R30: 18.962851 | S30: =AVERAGE(S24:T24) -> 22.714002 | U30: 18.30587 | V30: 17.388771 | W30: =(AVERAGE(U30:V30)-AVERAGE(Q30:T30)) -> -2.3218495 | X30: =W30-$W$57 -> 0.51294857 | Y30: =2^-X30 -> 0.70078871 | AC30: C3 9d | AD30: 51 | AE30: 19.365204 | AF30: 19.709469 | AG30: 19.8594 | AH30: 19.758081 | AI30: 29.964705 | AJ30: 30.704716 | AK30: =(AVERAGE(AI30:AJ30)-AVERAGE(AE30:AH30)) -> 10.661672 | AL30: =AK30-$AI$40 -> 1.0786858 | AM30: =2^-AL30 -> 0.47345993
A31: Bm 1 7d | B31: 40 | C31: 18.610634 | D31: 18.739954 | E31: 18.585508 | F31: 18.453964 | G31: 25.764936 | H31: 25.324114 | I31: =(AVERAGE(G31:H31)-AVERAGE(C31:F31)) -> 6.94701 | J31: =I31-$I$61 -> 1.7496497 | K31: =2^-J31 -> 0.29737397 | O31: Bm 1 6d | P31: 34 | Q31: 18.89666 | R31: 15.871527 | S31: =AVERAGE(S26:S27) -> 23.609693 | U31: 17.685345 | V31: 18.469688 | W31: =(AVERAGE(U31:V31)-AVERAGE(Q31:T31)) -> -1.3817765 | X31: =W31-$W$57 -> 1.4530216 | Y31: =2^-X31 -> 0.36525563 | AC31: Bm 1 9d | AD31: 52 | AE31: 22.088394 | AF31: 21.123758 | AG31: 21.173983 | AH31: 21.189119 | AI31: 28.864035 | AJ31: 28.610323 | AK31: =(AVERAGE(AI31:AJ31)-AVERAGE(AE31:AH31)) -> 7.3433652 | AL31: =AK31-$AI$40 -> -2.2396207 | AM31: =2^-AL31 -> 4.7227288
A32: Bm2 7d | B32: 41 | C32: 19.761593 | D32: 19.535896 | E32: 19.966827 | F32: 20.117241 | G32: 27.327812 | H32: 27.708197 | I32: =(AVERAGE(G32:H32)-AVERAGE(C32:F32)) -> 7.6726151 | J32: =I32-$I$61 -> 2.4752547 | K32: =2^-J32 -> 0.17983494 | O32: Bm2 6d | P32: 35 | Q32: 16.763273 | R32: 16.163143 | S32: =AVERAGE(T22:T23) -> 21.097695 | U32: 17.442348 | V32: 18.385933 | W32: =(AVERAGE(U32:V32)-AVERAGE(Q32:T32)) -> -0.093896548 | X32: =W32-$W$57 -> 2.7409015 | Y32: =2^-X32 -> 0.14959133 | AC32: Bm2 9d | AD32: 53 | AE32: 20.197697 | AF32: 19.158524 | AG32: 21.494963 | AH32: 20.85043 | AI32: 29.73316 | AJ32: 28.947939 | AK32: =(AVERAGE(AI32:AJ32)-AVERAGE(AE32:AH32)) -> 8.9151464 | AL32: =AK32-$AI$40 -> -0.66783953 | AM32: =2^-AL32 -> 1.5886921
A33: Bm 3 7d | B33: 42 | C33: 19.471731 | D33: 19.580151 | E33: 19.546146 | F33: 19.319754 | G33: 25.048927 | H33: 24.94956 | I33: =(AVERAGE(G33:H33)-AVERAGE(C33:F33)) -> 5.5197983 | J33: =I33-$I$61 -> 0.32243798 | K33: =2^-J33 -> 0.79971731 | O33: Bm 3 6d | P33: 36 | Q33: 19.790894 | R33: 16.724653 | S33: =AVERAGE(S34:S35) -> 22.447786 | U33: 17.860683 | V33: 18.964962 | W33: =(AVERAGE(U33:V33)-AVERAGE(Q33:T33)) -> -1.2416217 | X33: =W33-$W$57 -> 1.5931764 | Y33: =2^-X33 -> 0.33144091 | AC33: Bm 3 9d | AD33: 54 | AE33: 20.010265 | AF33: =AVERAGE(AF31:AF32) -> 20.141141 | AG33: =AVERAGE(AH31:AH32) -> 21.019774 | AI33: 28.232904 | AJ33: 28.570616 | AK33: =(AVERAGE(AI33:AJ33)-AVERAGE(AE33:AH33)) -> 8.0113665 | AL33: =AK33-$AI$40 -> -1.5716194 | AM33: =2^-AL33 -> 2.9723816
A34: C1 8d | B34: 43 | C34: 19.571316 | D34: 19.484442 | E34: 21.514856 | F34: 20.881268 | G34: 24.744055 | H34: 24.744722 | I34: =(AVERAGE(G34:H34)-AVERAGE(C34:F34)) -> 4.3814182 | J34: =I34-$I$62 -> -1.0275362 | K34: =2^-J34 -> 2.03854 | O34: C1 7d | P34: 37 | Q34: 22.63936 | R34: 20.842739 | T34: 23.64431 | U34: 27.015242 | V34: 27.580282 | W34: =(AVERAGE(U34:V34)-AVERAGE(Q34:T34)) -> 4.9222921 | X34: =W34-$W$58 -> 0.21672858 | Y34: =2^-X34 -> 0.86051451
A35: C2 8d | B35: 44 | C35: 20.865747 | D35: 20.862633 | E35: 19.935474 | F35: 20.273777 | G35: 26.203993 | H35: 25.841578 | I35: =(AVERAGE(G35:H35)-AVERAGE(C35:F35)) -> 5.5383773 | J35: =I35-$I$62 -> 0.12942282 | K35: =2^-J35 -> 0.91419712 | O35: C2 7d | P35: 38 | Q35: 21.157871 | R35: 20.422848 | S35: 22.447786 | T35: 21.962633 | U35: 26.959961 | V35: 26.244173 | W35: =(AVERAGE(U35:V35)-AVERAGE(Q35:T35)) -> 5.1042824 | X35: =W35-$W$58 -> 0.39871889 | Y35: =2^-X35 -> 0.75853156
A36: C3 8d | B36: 45 | C36: 21.15074 | D36: 20.814653 | E36: 19.500826 | F36: 19.632418 | G36: 26.964375 | H36: 26.19908 | I36: =(AVERAGE(G36:H36)-AVERAGE(C36:F36)) -> 6.3070679 | J36: =I36-$I$62 -> 0.89811341 | K36: =2^-J36 -> 0.53658796 | O36: C3 7d | P36: 39 | Q36: 20.917742 | R36: 21.402065 | S36: 20.822649 | T36: 20.741495 | U36: 26.025209 | V36: 24.096998 | W36: =(AVERAGE(U36:V36)-AVERAGE(Q36:T36)) -> 4.090116 | X36: =W36-$W$58 -> -0.61544747 | Y36: =2^-X36 -> 1.5320331 | AH36: 1d | AI36: =AVERAGE(AK4:AK6) -> 6.3222694
A37: Bm 1 8d | B37: 46 | C37: 19.512594 | D37: 19.430202 | E37: 21.100166 | F37: 22.047358 | G37: 24.709074 | H37: 24.922081 | I37: =(AVERAGE(G37:H37)-AVERAGE(C37:F37)) -> 4.2929974 | J37: =I37-$I$62 -> -1.1159571 | K37: =2^-J37 -> 2.1673875 | O37: Bm 1 7d | P37: 40 | Q37: 18.610634 | R37: 18.739954 | S37: 18.585508 | T37: 18.453964 | U37: 24.72921 | V37: 23.25421 | W37: =(AVERAGE(U37:V37)-AVERAGE(Q37:T37)) -> 5.3941946 | X37: =W37-$W$58 -> 0.68863111 | Y37: =2^-X37 -> 0.62044227 | AH37: 3d | AI37: =AVERAGE(AK10:AK12) -> 5.7108089
A38: Bm2 8d | B38: 47 | C38: 18.439184 | D38: 18.924105 | E38: 20.984156 | F38: 20.07226 | G38: 24.204905 | H38: 24.334101 | I38: =(AVERAGE(G38:H38)-AVERAGE(C38:F38)) -> 4.6645765 | J38: =I38-$I$62 -> -0.74437793 | K38: =2^-J38 -> 1.6752518 | O38: Bm2 7d | P38: 41 | Q38: 19.761593 | R38: 19.535896 | S38: 19.966827 | T38: 20.117241 | U38: 26.447994 | V38: 26.16292 | W38: =(AVERAGE(U38:V38)-AVERAGE(Q38:T38)) -> 6.4600677 | X38: =W38-$W$58 -> 1.7545043 | Y38: =2^-X38 -> 0.29637502 | AH38: 5d | AI38: =AVERAGE(AK16:AK18) -> 7.6410222
A39: Bm 3 8d | B39: 48 | C39: 22.297138 | D39: 22.335651 | E39: 22.302639 | F39: 21.141642 | G39: 29.594885 | H39: 29.598577 | I39: =(AVERAGE(G39:H39)-AVERAGE(C39:F39)) -> 7.5774636 | J39: =I39-$I$62 -> 2.1685092 | K39: =2^-J39 -> 0.22244041 | O39: Bm 3 7d | P39: 42 | Q39: 19.471731 | R39: 19.580151 | S39: 19.546146 | T39: 19.319754 | U39: 22.912817 | V39: 22.945906 | W39: =(AVERAGE(U39:V39)-AVERAGE(Q39:T39)) -> 3.4499159 | X39: =W39-$W$58 -> -1.2556476 | Y39: =2^-X39 -> 2.3877431 | AH39: 7d | AI39: =AVERAGE(AK22:AK24) -> 8.0380286
A40: C1 9d | B40: 49 | C40: 19.013988 | D40: 19.229891 | E40: 19.839867 | F40: 19.958887 | G40: 25.312355 | H40: 25.366989 | I40: =(AVERAGE(G40:H40)-AVERAGE(C40:F40)) -> 5.8290138 | J40: =I40-$I$63 -> -0.333752 | K40: =2^-J40 -> 1.2602867 | O40: C1 8d | P40: 43 | Q40: 19.571316 | R40: 19.484442 | S40: 21.514856 | T40: 20.881268 | U40: 26.158148 | V40: 25.9835 | W40: =(AVERAGE(U40:V40)-AVERAGE(Q40:T40)) -> 5.7078533 | X40: =W40-$W$59 -> 1.1791167 | Y40: =2^-X40 -> 0.44162179 | AH40: 9d | AI40: =AVERAGE(AK28:AK30) -> 9.5829859
A41: C2 9d | B41: 50 | C41: 17.551945 | D41: 21.725025 | E41: 20.922846 | F41: 20.756575 | G41: 28.222265 | H41: 28.141909 | I41: =(AVERAGE(G41:H41)-AVERAGE(C41:F41)) -> 7.9429893 | J41: =I41-$I$63 -> 1.7802235 | K41: =2^-J41 -> 0.29113828 | O41: C2 8d | P41: 44 | Q41: 20.865747 | R41: 20.862633 | S41: 19.935474 | T41: 20.273777 | U41: 25.433828 | V41: 23.828285 | W41: =(AVERAGE(U41:V41)-AVERAGE(Q41:T41)) -> 4.1466489 | X41: =W41-$W$59 -> -0.38208771 | Y41: =2^-X41 -> 1.3032264 | AD41: C | AE41: Error | AF41: Bm | AG41: Error
A42: C3 9d | B42: 51 | C42: 19.365204 | D42: 19.709469 | E42: 19.8594 | F42: 19.758081 | G42: 24.480629 | H42: 24.298037 | I42: =(AVERAGE(G42:H42)-AVERAGE(C42:F42)) -> 4.7162943 | J42: =I42-$I$63 -> -1.4464715 | K42: =2^-J42 -> 2.7254067 | O42: C3 8d | P42: 45 | Q42: 21.15074 | R42: 20.814653 | S42: 19.500826 | T42: 19.632418 | U42: 24.336002 | V42: 23.676731 | W42: =(AVERAGE(U42:V42)-AVERAGE(Q42:T42)) -> 3.7317076 | X42: =W42-$W$59 -> -0.79702902 | Y42: =2^-X42 -> 1.7375193 | AC42: 1d | AD42: =AVERAGE(AM4:AM6) -> 1.0362252 | AE42: =_xlfn.STDEV.S(AM4:AM6)/SQRT(3) -> 0.20334423 | AF42: =AVERAGE(AM7:AM9) -> 0.9507514 | AG42: =_xlfn.STDEV.S(AM7:AM9)/SQRT(3) -> 0.35777279
A43: Bm 1 9d | B43: 52 | C43: 22.088394 | D43: 21.123758 | E43: 21.173983 | F43: 21.189119 | G43: 27.459375 | H43: 27.710939 | I43: =(AVERAGE(G43:H43)-AVERAGE(C43:F43)) -> 6.1913438 | J43: =I43-$I$63 -> 0.028577964 | K43: =2^-J43 -> 0.98038617 | O43: Bm 1 8d | P43: 46 | Q43: 19.512594 | R43: 19.430202 | S43: 21.100166 | T43: 22.047358 | V43: 25.624601 | W43: =(AVERAGE(U43:V43)-AVERAGE(Q43:T43)) -> 5.1020212 | X43: =W43-$W$59 -> 0.57328463 | Y43: =2^-X43 -> 0.67208489 | AC43: 3d | AD43: =AVERAGE(AM10:AM12) -> 2.10186 | AE43: =_xlfn.STDEV.S(AM10:AM12)/SQRT(3) -> 1.6410066 | AF43: =AVERAGE(AM13:AM15) -> 0.66680038 | AG43: =_xlfn.STDEV.S(AM13:AM15)/SQRT(3) -> 0.48342592
A44: Bm2 9d | B44: 53 | C44: 20.197697 | D44: 19.158524 | E44: 21.494963 | F44: 20.85043 | G44: 24.874094 | H44: 25.077452 | I44: =(AVERAGE(G44:H44)-AVERAGE(C44:F44)) -> 4.5503697 | J44: =I44-$I$63 -> -1.6123961 | K44: =2^-J44 -> 3.0575924 | O44: Bm2 8d | P44: 47 | Q44: 18.439184 | R44: 18.924105 | S44: 20.984156 | T44: 20.07226 | U44: 25.382271 | V44: 25.655926 | W44: =(AVERAGE(U44:V44)-AVERAGE(Q44:T44)) -> 5.9141722 | X44: =W44-$W$59 -> 1.3854356 | Y44: =2^-X44 -> 0.38277391 | AC44: 5d | AD44: =AVERAGE(AM16:AM18) -> 1.0883271 | AE44: =_xlfn.STDEV.S(AM16:AM18)/SQRT(3) -> 0.30753527 | AF44: =AVERAGE(AM19:AM21) -> 4.9778532 | AG44: =_xlfn.STDEV.S(AM19:AM21)/SQRT(3) -> 2.1664695
